,count,mean,std,min,25%,50%,75%,max,skew,kurtosis
p214-010-60001-cl.png,1033968.0,0.32453073603673577,0.1826524108620412,0.023529411764705882,0.1843137254901961,0.27450980392156865,0.43529411764705883,0.9568627450980393,0.8560845251255312,-0.10373495136287411
p214-010-60001-cr.png,854832.0,0.33510558386979933,0.18912064578565912,0.027450980392156862,0.1803921568627451,0.29411764705882354,0.4745098039215686,1.0,0.6059769367992884,-0.47566012166592464
p214-010-60001-ml.png,1170384.0,0.34161408462823256,0.18417524838761531,0.023529411764705882,0.1803921568627451,0.3058823529411765,0.47843137254901963,0.9647058823529412,0.5779490599867804,-0.6185519085714111
p214-010-60001-mr.png,1120256.0,0.3412785165911657,0.17956597242328567,0.03137254901960784,0.1843137254901961,0.3215686274509804,0.47058823529411764,0.996078431372549,0.5090995269910822,-0.5996242044242852
p214-010-60005-cl.png,1249856.0,0.3383309537650896,0.2078788420460659,0.01568627450980392,0.15294117647058825,0.30196078431372547,0.5058823529411764,0.9019607843137255,0.4124723720815129,-0.9948800118256775
p214-010-60005-cr.png,1179824.0,0.3784841055721437,0.22127430410833016,0.01568627450980392,0.18823529411764706,0.3568627450980392,0.5450980392156862,0.9529411764705882,0.34756980359110473,-0.8762269296008015
p214-010-60005-ml.png,1380224.0,0.32330010258067793,0.18461814488493783,0.011764705882352941,0.16862745098039217,0.29411764705882354,0.4588235294117647,0.9215686274509803,0.5142599668590243,-0.6093686034603731
p214-010-60005-mr.png,1237504.0,0.3018929849686048,0.18359934183021095,0.011764705882352941,0.14901960784313725,0.2549019607843137,0.4392156862745098,0.9647058823529412,0.6468941638302452,-0.5804127714589831
p214-010-60008-cl.png,4905968.0,0.2914394659968531,0.14204577817284716,0.01568627450980392,0.16470588235294117,0.2784313725490196,0.403921568627451,0.8627450980392157,0.3096320486170034,-0.8867717759842482
p214-010-60008-cr.png,4402400.0,0.2903829212586364,0.12708697977946798,0.027450980392156862,0.1803921568627451,0.2823529411764706,0.38823529411764707,0.8352941176470589,0.3076864115989536,-0.7740651926926747
p214-010-60008-ml.png,4959872.0,0.26137803160891215,0.13592040848652462,0.023529411764705882,0.1411764705882353,0.2235294117647059,0.37254901960784315,0.796078431372549,0.5697315664809305,-0.8200891919360932
p214-010-60008-mr.png,4515488.0,0.28655365015419193,0.13793072141191762,0.01568627450980392,0.16470588235294117,0.2784313725490196,0.396078431372549,0.9098039215686274,0.29532727502917194,-0.7852514132807255
p214-010-60012-cl.png,3619488.0,0.26512053963563537,0.1047364580562478,0.03529411764705882,0.18823529411764706,0.25098039215686274,0.3254901960784314,0.996078431372549,0.8418076145935917,1.0078452127112718
p214-010-60012-cr.png,2595600.0,0.2998775121699167,0.13289791939243903,0.0196078431372549,0.20392156862745098,0.28627450980392155,0.3803921568627451,1.0,0.7348784515064394,0.9446862420759046
p214-010-60012-ml.png,3606400.0,0.3174737666805852,0.13123213657869112,0.0392156862745098,0.2196078431372549,0.30980392156862746,0.403921568627451,0.9686274509803922,0.4590617085971272,-0.079441887843702
p214-010-60012-mr.png,2788688.0,0.3229010566835672,0.148137624044669,0.01568627450980392,0.2,0.3137254901960784,0.4235294117647059,1.0,0.5445706031487156,0.026935430901357565
p214-010-60013-cl.png,4944304.0,0.2858032707741998,0.1659920694286913,0.0196078431372549,0.15294117647058825,0.2627450980392157,0.37254901960784315,0.9607843137254902,0.8891452230671851,0.474990555239274
p214-010-60013-cr.png,5078560.0,0.25621441016783464,0.17849638445680024,0.011764705882352941,0.12549019607843137,0.20784313725490197,0.3254901960784314,0.9450980392156862,1.3036069308951073,1.1443365446894618
p214-010-60013-ml.png,5152528.0,0.28856095493319006,0.14372931010838239,0.00392156862745098,0.16862745098039217,0.27450980392156865,0.3843137254901961,0.9294117647058824,0.5523783983839747,-0.1896204106566046
p214-010-60013-mr.png,5041808.0,0.28622564778038234,0.16489386290078595,0.00392156862745098,0.14901960784313725,0.24705882352941178,0.396078431372549,0.9411764705882353,0.7445600340516839,-0.22375916446572153
p214-010-60020-cl.png,6866352.0,0.27503330592373926,0.10251465080893125,0.023529411764705882,0.19607843137254902,0.2784313725490196,0.34509803921568627,0.7764705882352941,0.1591727587883497,-0.3863449216376682
p214-010-60020-cr.png,7037552.0,0.28234212970758077,0.09954552914879838,0.03529411764705882,0.21568627450980393,0.2901960784313726,0.34901960784313724,0.9411764705882353,0.10579245661094613,-0.030145970893624724
p214-010-60020-ml.png,6515296.0,0.30421861982368037,0.08503804758739565,0.06666666666666667,0.23921568627450981,0.3176470588235294,0.36470588235294116,0.7294117647058823,-0.11063944918425997,-0.5209161750455406
p214-010-60020-mr.png,6559680.0,0.2951256391990429,0.08959118213687761,0.043137254901960784,0.23137254901960785,0.30196078431372547,0.35294117647058826,0.8627450980392157,0.18136110757605758,0.14596078261840367
p214-010-60026-cl.png,1229168.0,0.31456984900100116,0.18540870448197985,0.027450980392156862,0.1803921568627451,0.2549019607843137,0.43137254901960786,0.9019607843137255,0.8411613266488472,-0.3096796278804432
p214-010-60026-cr.png,1037264.0,0.3192086179055063,0.19403736254983864,0.03137254901960784,0.15294117647058825,0.25882352941176473,0.49019607843137253,0.8666666666666667,0.5245780533084948,-1.0365376728817022
p214-010-60026-ml.png,1652560.0,0.3047642943995626,0.1723738539550468,0.023529411764705882,0.16862745098039217,0.25098039215686274,0.40784313725490196,0.9215686274509803,0.9677154978773675,0.06825932526641071
p214-010-60026-mr.png,1322832.0,0.3585172821139294,0.19128758023040549,0.03137254901960784,0.19607843137254902,0.30196078431372547,0.5176470588235295,0.9254901960784314,0.5692225124366281,-0.8951200594428471
p214-010-60029-cl.png,1685152.0,0.3220390708456718,0.18126524565103153,0.03137254901960784,0.1607843137254902,0.29411764705882354,0.4588235294117647,0.9372549019607843,0.4916073555697618,-0.7376108106398876
p214-010-60029-cr.png,1203584.0,0.30089301586581674,0.18732756150848284,0.0392156862745098,0.13333333333333333,0.24705882352941178,0.45098039215686275,0.9215686274509803,0.6117908200805766,-0.8193891659456698
p214-010-60029-ml.png,1993248.0,0.30487621504316215,0.1765970015374435,0.027450980392156862,0.15294117647058825,0.26666666666666666,0.4235294117647059,0.9450980392156862,0.7720007090804546,-0.1884675491069585
p214-010-60029-mr.png,1746144.0,0.3085646845558096,0.18980792182316544,0.03137254901960784,0.13725490196078433,0.2627450980392157,0.4392156862745098,0.8980392156862745,0.7137250240230926,-0.5140076744693295
p214-010-60045-cl.png,4489664.0,0.2836582914908202,0.13003779071936405,0.0196078431372549,0.2,0.26666666666666666,0.3411764705882353,1.0,1.2241294453490998,2.4739580621274637
p214-010-60045-cr.png,4746848.0,0.29267671648102284,0.13300984795605844,0.0196078431372549,0.2,0.27058823529411763,0.3607843137254902,0.9490196078431372,0.9629609430374982,1.0336319484400345
p214-010-60045-ml.png,4080176.0,0.2762946394623039,0.09627532113107674,0.043137254901960784,0.20784313725490197,0.25882352941176473,0.32941176470588235,0.9882352941176471,1.0719290128838053,1.9163174542496848
p214-010-60045-mr.png,4703760.0,0.30626497800508007,0.12489619915633651,0.0392156862745098,0.21176470588235294,0.28627450980392155,0.3764705882352941,0.9372549019607843,0.8924082948729766,0.7414672765520783
p214-010-60046-cl.png,1785728.0,0.38424608679397493,0.2041705571727513,0.023529411764705882,0.19215686274509805,0.37254901960784315,0.5529411764705883,0.8901960784313725,0.23969165998579886,-1.1253212692541992
p214-010-60046-cr.png,1710960.0,0.33468704646491326,0.15889016105528353,0.027450980392156862,0.18823529411764706,0.3411764705882353,0.47058823529411764,0.8117647058823529,0.03499881846604738,-1.1576933498404516
p214-010-60046-ml.png,1682736.0,0.30533244784730595,0.14651860565453195,0.0392156862745098,0.17254901960784313,0.28627450980392155,0.43137254901960786,0.792156862745098,0.3410850908991559,-1.0437465577132172
p214-010-60046-mr.png,1672832.0,0.3179780110356945,0.1581517235514832,0.0196078431372549,0.17647058823529413,0.3137254901960784,0.45098039215686275,0.807843137254902,0.1488042128815191,-1.0699759489554963
p214-010-60054-cl.png,1646928.0,0.2995207595536635,0.13341193572025314,0.0392156862745098,0.19215686274509805,0.27450980392156865,0.3843137254901961,0.8705882352941177,0.7869969059052666,0.11780892064266943
p214-010-60054-cr.png,1436848.0,0.2909701638859612,0.13878103155516747,0.058823529411764705,0.17254901960784313,0.25882352941176473,0.39215686274509803,0.8156862745098039,0.663257314845732,-0.4603684103974391
p214-010-60054-ml.png,1783728.0,0.295438959918799,0.13046363181455736,0.03529411764705882,0.19607843137254902,0.2627450980392157,0.3686274509803922,0.8588235294117647,0.9918333561678758,0.4873779588409177
p214-010-60054-mr.png,1569440.0,0.30354133059075417,0.14442169632991922,0.0392156862745098,0.18823529411764706,0.25882352941176473,0.39215686274509803,0.8745098039215686,0.9605870889758317,0.14655272972274555
p214-010-60056-cl.png,2244928.0,0.30518318732402133,0.17140313751699915,0.011764705882352941,0.16470588235294117,0.27450980392156865,0.4196078431372549,0.9019607843137255,0.6454165988529785,-0.296604466806564
p214-010-60056-cr.png,2199744.0,0.2707294834593232,0.1467514372782871,0.01568627450980392,0.1568627450980392,0.2549019607843137,0.36470588235294116,0.9098039215686274,0.6302544072321147,-0.010720594002346708
p214-010-60056-ml.png,2299776.0,0.28516314495965894,0.16898680468830196,0.00784313725490196,0.1450980392156863,0.24313725490196078,0.39215686274509803,0.9411764705882353,0.8560508801703068,0.013557467823090157
p214-010-60056-mr.png,2432720.0,0.26056769667648694,0.15123548595342795,0.0196078431372549,0.1411764705882353,0.2235294117647059,0.34509803921568627,0.9333333333333333,1.0681755603378014,0.7984527879567344
p214-010-60060-cl.png,868352.0,0.34318265530342457,0.20572103277924247,0.0196078431372549,0.1450980392156863,0.3333333333333333,0.5215686274509804,0.984313725490196,0.21169956105336477,-1.2095758527916187
p214-010-60060-cr.png,878688.0,0.36059975157257623,0.22875282869138946,0.0196078431372549,0.13333333333333333,0.34509803921568627,0.5647058823529412,0.9921568627450981,0.2380493551016519,-1.2857045776875389
p214-010-60060-ml.png,797504.0,0.40554297545597184,0.19636434093037142,0.027450980392156862,0.23137254901960785,0.40784313725490196,0.5764705882352941,0.9882352941176471,0.045234372626801626,-1.1511838875138782
p214-010-60060-mr.png,682528.0,0.36340086083662215,0.18535749156932887,0.01568627450980392,0.21568627450980393,0.3568627450980392,0.5058823529411764,0.9450980392156862,0.13298584596046717,-0.8699895581275034
p214-010-60062-cl.png,2085488.0,0.3009858904702871,0.15606737614646793,0.03529411764705882,0.15294117647058825,0.29411764705882354,0.4235294117647059,0.807843137254902,0.3341796275887756,-0.9142914130235285
p214-010-60062-cr.png,2034000.0,0.31585651763163464,0.14922212516727304,0.023529411764705882,0.19607843137254902,0.3176470588235294,0.4196078431372549,0.9019607843137255,0.23986404723844404,-0.505859850068011
p214-010-60062-ml.png,1715664.0,0.3358092169059474,0.14132279762450348,0.047058823529411764,0.21176470588235294,0.3254901960784314,0.4470588235294118,0.8,0.3027142863967669,-0.8740939897242388
p214-010-60062-mr.png,2043936.0,0.33916456422563984,0.14380216270725352,0.023529411764705882,0.20784313725490197,0.33725490196078434,0.4549019607843137,0.7647058823529411,0.17822756107800367,-1.0576146210161668
p214-010-60066-cl.png,1804816.0,0.2975970457952068,0.16227630997527856,0.01568627450980392,0.15294117647058825,0.2901960784313726,0.41568627450980394,0.9098039215686274,0.36998635041791783,-0.6937610858094626
p214-010-60066-cr.png,2092480.0,0.2984390976913783,0.16957726993055214,0.027450980392156862,0.14901960784313725,0.2823529411764706,0.41568627450980394,0.9019607843137255,0.5516049652642749,-0.49558284811289033
p214-010-60066-ml.png,1818320.0,0.33761672485440114,0.1418568062710034,0.050980392156862744,0.21568627450980393,0.3254901960784314,0.43529411764705883,0.9058823529411765,0.49998918208948073,-0.37010950975230406
p214-010-60066-mr.png,2225152.0,0.31622100775279033,0.16403037388527003,0.03529411764705882,0.17254901960784313,0.29411764705882354,0.4392156862745098,0.9294117647058824,0.5483393563347448,-0.5108004841016459
p214-010-60070-cl.png,1438816.0,0.3181336953303219,0.18306627303277664,0.011764705882352941,0.16470588235294117,0.2901960784313726,0.4392156862745098,0.9176470588235294,0.6096163078636697,-0.4128751536726573
p214-010-60070-cr.png,1191072.0,0.3259672387398851,0.20189254879378338,0.011764705882352941,0.13725490196078433,0.29411764705882354,0.48627450980392156,0.8901960784313725,0.47059758265962814,-0.9123860986605113
p214-010-60070-ml.png,1742560.0,0.3362004245275375,0.16972791223010808,0.023529411764705882,0.19607843137254902,0.3215686274509804,0.45098039215686275,0.9450980392156862,0.4395375761688424,-0.5000370146986289
p214-010-60070-mr.png,1551744.0,0.33285431000949434,0.17947802236658714,0.023529411764705882,0.1568627450980392,0.3254901960784314,0.47058823529411764,0.8627450980392157,0.3210295933514189,-0.9759656466350247
p214-010-60074-cl.png,5315728.0,0.29731144862131076,0.11789191287090231,0.023529411764705882,0.2196078431372549,0.30980392156862746,0.3764705882352941,0.8627450980392157,-0.15126234838499789,-0.38678073689194253
p214-010-60074-cr.png,4702480.0,0.29950777412068913,0.12285265494023832,0.023529411764705882,0.21568627450980393,0.3137254901960784,0.3843137254901961,0.9725490196078431,-0.07259633571980818,-0.45297743833313275
p214-010-60074-ml.png,5625328.0,0.2564466682706169,0.11619874232000593,0.0,0.14901960784313725,0.25882352941176473,0.3411764705882353,0.9333333333333333,0.30405434110178053,-0.45956026230690444
p214-010-60074-mr.png,4865920.0,0.31259441577499103,0.13277870388902663,0.03529411764705882,0.1843137254901961,0.3254901960784314,0.41568627450980394,0.9450980392156862,0.11674233087825002,-0.8481515861631055
p214-010-60080-cl.png,3593264.0,0.2991106616572064,0.14229627861536653,0.01568627450980392,0.18823529411764706,0.30980392156862746,0.4,0.9058823529411765,0.05959989856716614,-0.6427873939222715
p214-010-60080-cr.png,3419120.0,0.26553568536612326,0.15010006525233166,0.011764705882352941,0.15294117647058825,0.25882352941176473,0.34509803921568627,0.9803921568627451,0.9469440698318833,1.5394212216891567
p214-010-60080-ml.png,3672544.0,0.3084618396488572,0.14941374100728227,0.03137254901960784,0.1568627450980392,0.3176470588235294,0.42745098039215684,0.8549019607843137,0.21876648521102288,-0.9789423042961747
p214-010-60080-mr.png,3771456.0,0.3307225436459097,0.15025890023572633,0.03137254901960784,0.19215686274509805,0.3411764705882353,0.4470588235294118,0.9529411764705882,0.09968036329264035,-0.8554520489101655
p214-010-60083-cl.png,1731584.0,0.32232859805660885,0.1915523966419516,0.011764705882352941,0.1607843137254902,0.2823529411764706,0.4666666666666667,0.9137254901960784,0.5274003452169705,-0.6978422328847668
p214-010-60083-cr.png,1468480.0,0.31339529950136513,0.18927373578281448,0.01568627450980392,0.14901960784313725,0.27450980392156865,0.4627450980392157,0.9176470588235294,0.506470423405982,-0.8422619239758099
p214-010-60083-ml.png,1628384.0,0.30895058187364005,0.1842633002799469,0.011764705882352941,0.1450980392156863,0.27058823529411763,0.45098039215686275,0.9294117647058824,0.5748072588926983,-0.7111892667790031
p214-010-60083-mr.png,1425872.0,0.3194798856625364,0.19797953598440615,0.01568627450980392,0.14901960784313725,0.27058823529411763,0.4627450980392157,0.9215686274509803,0.6573984347311516,-0.6137241190123635
p214-010-60086-cl.png,1675776.0,0.29616313781279385,0.12641448536095462,0.0392156862745098,0.19215686274509805,0.2980392156862745,0.39215686274509803,0.7254901960784313,0.09996750608476092,-0.8540162197776806
p214-010-60086-cr.png,2008320.0,0.30837317933865743,0.13869986692948172,0.050980392156862744,0.1843137254901961,0.3058823529411765,0.4235294117647059,0.7490196078431373,0.16058699681379227,-1.0610487421888437
p214-010-60086-ml.png,1889760.0,0.3242310134620271,0.11321837817777125,0.043137254901960784,0.22745098039215686,0.3215686274509804,0.41568627450980394,0.7215686274509804,0.10843171808985742,-0.9498089829289295
p214-010-60086-mr.png,1848176.0,0.33681521673260556,0.11774329418912424,0.047058823529411764,0.23529411764705882,0.33725490196078434,0.42745098039215684,0.7568627450980392,0.1514814416054418,-0.7597516850976401
p214-010-60088-cl.png,2794560.0,0.2743296303406282,0.14498340427564907,0.01568627450980392,0.1568627450980392,0.26666666666666666,0.3686274509803922,0.9568627450980393,0.5492937400434692,0.01498350272577731
p214-010-60088-cr.png,2809504.0,0.2867990724257631,0.14601292214469372,0.011764705882352941,0.16862745098039217,0.28627450980392155,0.3803921568627451,0.9411764705882353,0.44184613761102143,-0.09881853349893292
p214-010-60088-ml.png,2697776.0,0.2787537368471182,0.13123300019589199,0.01568627450980392,0.17254901960784313,0.25882352941176473,0.3568627450980392,0.9019607843137255,0.8283632137807017,0.48203227689204015
p214-010-60088-mr.png,2794768.0,0.2669107137224367,0.14166347710677063,0.00784313725490196,0.1568627450980392,0.24313725490196078,0.33725490196078434,0.9333333333333333,1.1920146873817226,1.752078699573701
p214-010-60093-cl.png,1878176.0,0.2929740782295916,0.11060674574874424,0.047058823529411764,0.18823529411764706,0.2901960784313726,0.3803921568627451,0.8823529411764706,0.2896410561009956,-0.880529228498832
p214-010-60093-cr.png,1576000.0,0.2890492858564746,0.1085804033644453,0.09411764705882353,0.1843137254901961,0.28627450980392155,0.3803921568627451,0.6627450980392157,0.2514303703450457,-1.1260194867507551
p214-010-60093-ml.png,2407264.0,0.2902330107671499,0.11899475686324876,0.08235294117647059,0.18823529411764706,0.25882352941176473,0.37254901960784315,0.9176470588235294,0.7666220589603623,-0.29710885390544234
p214-010-60093-mr.png,2138144.0,0.2880808886255611,0.12947945071269723,0.09803921568627451,0.1843137254901961,0.24705882352941178,0.36470588235294116,0.8235294117647058,1.0059333702040956,0.14368598687666112
p214-010-60097-cl.png,1939136.0,0.2597609268797456,0.123215990753018,0.027450980392156862,0.1607843137254902,0.24313725490196078,0.33725490196078434,0.9921568627450981,0.6997122917434396,0.2425409070011762
p214-010-60097-cr.png,1832512.0,0.24124565880380713,0.14823970381501045,0.0196078431372549,0.11764705882352941,0.20392156862745098,0.3333333333333333,0.9803921568627451,0.8610766599311012,0.013724147379122252
p214-010-60097-ml.png,2012112.0,0.26989678545941487,0.12185280108526415,0.03137254901960784,0.17647058823529413,0.25098039215686274,0.34509803921568627,0.996078431372549,0.8058719762294771,0.5077298388547864
p214-010-60097-mr.png,1973760.0,0.29516376626039514,0.14976600353222277,0.00784313725490196,0.17647058823529413,0.27058823529411763,0.38823529411764707,0.984313725490196,0.7146383105956157,0.054904755655980825
p214-010-60100-cl.png,2388272.0,0.28219734422472614,0.13954822261032562,0.050980392156862744,0.17647058823529413,0.23921568627450981,0.3568627450980392,0.8470588235294118,1.0354865354949059,0.38463934523377674
p214-010-60100-cr.png,2285200.0,0.2810129340376092,0.1334913788010664,0.054901960784313725,0.16862745098039217,0.25098039215686274,0.3607843137254902,0.8431372549019608,0.8612951429652613,0.08959826046817855
p214-010-60100-ml.png,2247632.0,0.2825388466355595,0.14061391856010824,0.050980392156862744,0.16862745098039217,0.2235294117647059,0.38823529411764707,0.8156862745098039,0.8529517256045631,-0.38085677949717445
p214-010-60100-mr.png,2157712.0,0.2837184326113339,0.13372243590041233,0.054901960784313725,0.17647058823529413,0.24313725490196078,0.3607843137254902,0.8196078431372549,1.0105565840244055,0.27874158554949485
p214-010-60105-cl.png,3378640.0,0.2931698367552927,0.10084213846799364,0.07450980392156863,0.20392156862745098,0.2980392156862745,0.36470588235294116,0.9098039215686274,0.2759866400623228,-0.34497140772935436
p214-010-60105-cr.png,3514976.0,0.2842508516611855,0.11689605584686254,0.058823529411764705,0.1843137254901961,0.27058823529411763,0.3686274509803922,0.996078431372549,0.5431093940975285,-0.23159997791127915
p214-010-60105-ml.png,4366528.0,0.35298136005468456,0.09942220195901366,0.09019607843137255,0.26666666666666666,0.3607843137254902,0.42745098039215684,0.9254901960784314,0.13667546034176017,-0.49850832205739304
p214-010-60105-mr.png,3987808.0,0.33841540092633693,0.09600144998602259,0.11764705882352941,0.25098039215686274,0.33725490196078434,0.41568627450980394,0.9921568627450981,0.23602340847169698,-0.6841615078191888
p214-010-60106-cl.png,2544608.0,0.2525593679793879,0.14664388044913765,0.023529411764705882,0.12941176470588237,0.23137254901960785,0.34509803921568627,0.9176470588235294,0.7865188378790967,0.2419768647583723
p214-010-60106-cr.png,2253008.0,0.24714502114680525,0.1621240125138147,0.0196078431372549,0.10980392156862745,0.21176470588235294,0.3411764705882353,0.996078431372549,0.9949960474804896,0.6271669773312206
p214-010-60106-ml.png,2236544.0,0.24294772579094043,0.13335519795935932,0.00784313725490196,0.13725490196078433,0.19607843137254902,0.3254901960784314,0.9333333333333333,1.0624196208369847,0.6337703525336672
p214-010-60106-mr.png,2107520.0,0.24056997761145152,0.12241260879739775,0.03137254901960784,0.1450980392156863,0.20784313725490197,0.3137254901960784,0.9764705882352941,1.1018852386375315,1.0957727418340155
p214-010-60109-cl.png,2579584.0,0.2956304111172079,0.1057376743217292,0.03529411764705882,0.2235294117647059,0.2980392156862745,0.37254901960784315,0.7647058823529411,0.03466333726523908,-0.4960730093861769
p214-010-60109-cr.png,2315760.0,0.2847265048970499,0.10577374404951367,0.01568627450980392,0.21176470588235294,0.2823529411764706,0.3568627450980392,0.8745098039215686,0.18468889636327446,-0.2367749021720169
p214-010-60109-ml.png,3075728.0,0.28604761883633234,0.12785920382891774,0.027450980392156862,0.16470588235294117,0.28627450980392155,0.3843137254901961,0.8352941176470589,0.2822132046504164,-0.8852130903597478
p214-010-60109-mr.png,3016832.0,0.28344701966025504,0.12374688415384244,0.0392156862745098,0.16862745098039217,0.2784313725490196,0.3764705882352941,0.9294117647058824,0.3466361966904384,-0.786662225499005
p214-010-60112-cl.png,962832.0,0.3241785059238644,0.1927258892741162,0.01568627450980392,0.1607843137254902,0.30196078431372547,0.47058823529411764,0.8627450980392157,0.37024202134526535,-0.8903639585164395
p214-010-60112-cr.png,992976.0,0.30709332942825696,0.1928594667943073,0.011764705882352941,0.1450980392156863,0.26666666666666666,0.45098039215686275,0.9294117647058824,0.5526977595863221,-0.6885606419059169
p214-010-60112-ml.png,1033792.0,0.366398698323507,0.17706542100708267,0.0196078431372549,0.2235294117647059,0.34901960784313724,0.5019607843137255,0.9098039215686274,0.2693883943118002,-0.8246411404093408
p214-010-60112-mr.png,1033312.0,0.3122099902176348,0.15675541276949717,0.01568627450980392,0.19215686274509805,0.29411764705882354,0.4117647058823529,0.9176470588235294,0.5588456775297345,-0.047105724408264556
p214-010-60117-cl.png,6611648.0,0.27290607335987155,0.09688340578072153,0.043137254901960784,0.19215686274509805,0.2784313725490196,0.34509803921568627,0.803921568627451,0.06754241685319079,-0.6082600810607399
p214-010-60117-cr.png,6783856.0,0.2789830843384993,0.09964250130600288,0.0392156862745098,0.19607843137254902,0.28627450980392155,0.35294117647058826,1.0,0.07352180538570918,-0.4007305608235384
p214-010-60117-ml.png,6043152.0,0.2687082282005592,0.10989844194868933,0.043137254901960784,0.17254901960784313,0.2549019607843137,0.34901960784313724,0.8352941176470589,0.5095131469522743,-0.3661873486359956
p214-010-60117-mr.png,6273952.0,0.28878354285695995,0.12471703178991693,0.06274509803921569,0.17647058823529413,0.26666666666666666,0.396078431372549,0.996078431372549,0.4201188657965335,-0.922027993953308
p214-010-60120-cl.png,2919136.0,0.29850819409793655,0.14211297248372556,0.0196078431372549,0.19215686274509805,0.29411764705882354,0.39215686274509803,0.8941176470588236,0.3019349040817274,-0.4206483427618928
p214-010-60120-cr.png,2974416.0,0.2946183114963892,0.1401669696257243,0.027450980392156862,0.20392156862745098,0.28627450980392155,0.3764705882352941,0.9921568627450981,0.4055150057659297,-0.09126002399177627
p214-010-60120-ml.png,3420384.0,0.3134971131323036,0.12846177662602573,0.03137254901960784,0.2,0.30980392156862746,0.4,0.8784313725490196,0.4552791479196308,-0.4170424218448553
p214-010-60120-mr.png,3255488.0,0.2818674032954836,0.14487347273654394,0.027450980392156862,0.1568627450980392,0.2549019607843137,0.3764705882352941,0.9921568627450981,0.8028547723454587,0.01182422115714651
p214-010-60125-cl.png,1862624.0,0.289449434102158,0.1156222158646036,0.047058823529411764,0.2,0.29411764705882354,0.3568627450980392,0.8549019607843137,0.43881533042297477,0.3711655372414251
p214-010-60125-cr.png,1717664.0,0.2980030425270693,0.10357312313285545,0.058823529411764705,0.21176470588235294,0.30980392156862746,0.37254901960784315,0.7568627450980392,-0.01272528766835572,-0.7185380802358866
p214-010-60125-ml.png,2080848.0,0.3133561535922836,0.09071155058485514,0.07450980392156863,0.23529411764705882,0.3137254901960784,0.37254901960784315,0.8117647058823529,0.47056184443473975,0.30310656795190916
p214-010-60125-mr.png,1823440.0,0.312303102173612,0.09936002351686446,0.0784313725490196,0.2235294117647059,0.3137254901960784,0.3803921568627451,0.792156862745098,0.39373171975724447,-0.2686826954885048
p214-010-60128-cl.png,2308880.0,0.2563935574229692,0.11202796409823183,0.027450980392156862,0.16862745098039217,0.2549019607843137,0.3215686274509804,0.9411764705882353,0.8170673015180133,1.8849530799717569
p214-010-60128-cr.png,2164064.0,0.2621475911552903,0.11530653676839045,0.027450980392156862,0.1803921568627451,0.25098039215686274,0.3215686274509804,0.9529411764705882,1.2000568415041961,2.9575115935984893
p214-010-60128-ml.png,1941488.0,0.25828727809823826,0.10956772494273932,0.0392156862745098,0.17254901960784313,0.23921568627450981,0.3215686274509804,0.8784313725490196,1.0457790131568667,1.356794162115469
p214-010-60128-mr.png,1839104.0,0.2493842952339623,0.10720235305320996,0.0196078431372549,0.16862745098039217,0.22745098039215686,0.30980392156862746,0.8588235294117647,1.0796880363266503,1.3410555886941296
p214-010-60133-cl.png,4721776.0,0.27207206630326736,0.11238424099646754,0.023529411764705882,0.2,0.26666666666666666,0.32941176470588235,0.9568627450980393,0.9115709351735167,2.102287915820614
p214-010-60133-cr.png,3239872.0,0.2778666734062212,0.11962447839304223,0.027450980392156862,0.19607843137254902,0.26666666666666666,0.3411764705882353,0.9411764705882353,0.9160913277438001,1.6785960738776051
p214-010-60133-ml.png,4322096.0,0.2714296580214058,0.11334924388757829,0.03137254901960784,0.1843137254901961,0.2549019607843137,0.33725490196078434,0.9764705882352941,0.8587317272751941,0.9084136835125972
p214-010-60133-mr.png,3083936.0,0.2829074502804973,0.1187662770893474,0.023529411764705882,0.19607843137254902,0.26666666666666666,0.34901960784313724,0.9529411764705882,0.9269585909224307,1.2246815282529953
p214-010-60136-cl.png,1017920.0,0.30468384587409303,0.16595530343826323,0.03137254901960784,0.16470588235294117,0.2823529411764706,0.4196078431372549,0.8509803921568627,0.5052207272447868,-0.6190053693661093
p214-010-60136-cr.png,1395104.0,0.28994455736970587,0.16433248153103547,0.027450980392156862,0.15294117647058825,0.2627450980392157,0.403921568627451,0.8705882352941177,0.6660120203991117,-0.21766218393601336
p214-010-60136-ml.png,1589824.0,0.33392442108279236,0.18186119261427497,0.0392156862745098,0.17647058823529413,0.2980392156862745,0.4666666666666667,0.9215686274509803,0.6097045993139615,-0.5631936816019487
p214-010-60136-mr.png,1823104.0,0.3138335218504308,0.1846820134215476,0.03137254901960784,0.15294117647058825,0.26666666666666666,0.4470588235294118,0.9137254901960784,0.7019371427662332,-0.5470747935157917
p214-010-60140-cl.png,4440144.0,0.2820722030636844,0.1416001744624003,0.01568627450980392,0.15294117647058825,0.2823529411764706,0.396078431372549,0.8509803921568627,0.2060921368059175,-0.9192167656002636
p214-010-60140-cr.png,4162112.0,0.2758542278912396,0.14402196085888355,0.01568627450980392,0.14901960784313725,0.26666666666666666,0.39215686274509803,0.9254901960784314,0.29289355003387724,-0.8964679476825751
p214-010-60140-ml.png,4756160.0,0.3167454722082601,0.14459562013650806,0.0196078431372549,0.1843137254901961,0.32941176470588235,0.42745098039215684,0.9411764705882353,0.15008700003753178,-0.6978263973389797
p214-010-60140-mr.png,4703744.0,0.26185321943624507,0.13123239575107123,0.023529411764705882,0.1411764705882353,0.24313725490196078,0.3686274509803922,0.8352941176470589,0.4393199165982201,-0.8319632145742493
p214-010-60144-cl.png,4322912.0,0.27741800697598057,0.1368055189816767,0.011764705882352941,0.16470588235294117,0.2784313725490196,0.3686274509803922,0.9921568627450981,0.3579027390888266,-0.2290621241848195
p214-010-60144-cr.png,5001744.0,0.264577206450782,0.12282890132621319,0.011764705882352941,0.17254901960784313,0.2627450980392157,0.3411764705882353,0.9019607843137255,0.3948199057650809,-0.01408864757084149
p214-010-60144-ml.png,4954976.0,0.33367154118029474,0.14283169703277573,0.03137254901960784,0.19607843137254902,0.34509803921568627,0.44313725490196076,0.9921568627450981,0.12707412390857029,-0.8425050153517853
p214-010-60144-mr.png,5889760.0,0.28806382270112124,0.1383319225309416,0.01568627450980392,0.15294117647058825,0.29411764705882354,0.4,0.8196078431372549,0.143097283674412,-1.0596746023947157
p214-010-60148-cl.png,2780064.0,0.2805322072427391,0.11799729599624217,0.023529411764705882,0.2,0.2784313725490196,0.35294117647058826,1.0,0.40218787897175456,0.5651599017646615
p214-010-60148-cr.png,2889376.0,0.2845681586069578,0.11865121386166692,0.0196078431372549,0.19607843137254902,0.28627450980392155,0.36470588235294116,0.9725490196078431,0.20277731722098793,-0.24960572910769924
p214-010-60148-ml.png,2843568.0,0.2911023549204628,0.13266326346054783,0.023529411764705882,0.1803921568627451,0.29411764705882354,0.3803921568627451,1.0,0.35266540888904224,0.015566071960975503
p214-010-60148-mr.png,3042112.0,0.27869644252310977,0.13017599056771087,0.011764705882352941,0.17647058823529413,0.2823529411764706,0.36470588235294116,0.9686274509803922,0.3094182668030961,-0.01379121201482136
p214-010-60153-cl.png,1856192.0,0.26788896246703336,0.1746816774433856,0.027450980392156862,0.13725490196078433,0.2,0.3607843137254902,1.0,1.1742726200288514,0.550612203661177
p214-010-60153-cr.png,1461888.0,0.27368392321248614,0.1659531438871764,0.023529411764705882,0.13725490196078433,0.2196078431372549,0.3843137254901961,0.996078431372549,0.895585520754878,-0.11764289597193418
p214-010-60153-ml.png,1935312.0,0.29954756851689496,0.15629860565208514,0.03529411764705882,0.17647058823529413,0.2549019607843137,0.396078431372549,0.996078431372549,1.0325769738436246,0.7149640843337399
p214-010-60153-mr.png,1690144.0,0.30513641812443776,0.15135720719805348,0.023529411764705882,0.1843137254901961,0.2627450980392157,0.403921568627451,0.9803921568627451,0.8532810298233328,-0.04030650894704493
p214-010-60157-cl.png,3292224.0,0.26954619936756014,0.0928043814249977,0.050980392156862744,0.2,0.27058823529411763,0.3333333333333333,0.9450980392156862,0.2444183097296641,-0.24961561849430147
p214-010-60157-cr.png,3491360.0,0.2729816989120934,0.09341591873878444,0.03137254901960784,0.20392156862745098,0.27058823529411763,0.3411764705882353,0.796078431372549,0.19354861315755217,-0.36009328524678796
p214-010-60157-ml.png,3903328.0,0.26455554407549103,0.08920816687102466,0.03137254901960784,0.2,0.2549019607843137,0.3176470588235294,0.9176470588235294,0.9364191384483112,1.809340495833304
p214-010-60157-mr.png,4022880.0,0.27977777602310844,0.09131703467868922,0.0392156862745098,0.20784313725490197,0.27450980392156865,0.3411764705882353,0.8862745098039215,0.4630745968956808,0.1324097364879092
p214-010-60161-cl.png,989280.0,0.33047926715567344,0.136493339243167,0.0196078431372549,0.23137254901960785,0.3215686274509804,0.41568627450980394,0.9450980392156862,0.48749900096219206,0.2233966688688268
p214-010-60161-cr.png,994544.0,0.27909550586430937,0.1554646348334318,0.023529411764705882,0.1607843137254902,0.24313725490196078,0.3568627450980392,0.9529411764705882,1.0885812849919403,0.8589151164925136
p214-010-60161-ml.png,1019376.0,0.25732085695793605,0.11428995149754821,0.03529411764705882,0.17647058823529413,0.22745098039215686,0.30980392156862746,0.8862745098039215,1.2892026733134652,1.9179869210027323
p214-010-60161-mr.png,896192.0,0.27047465231540024,0.1314389414477924,0.03137254901960784,0.17647058823529413,0.23529411764705882,0.32941176470588235,0.9215686274509803,1.2996983529065087,1.7092076014220754
p214-010-60167-cl.png,3465504.0,0.2899960962020385,0.09240147930051337,0.0392156862745098,0.22745098039215686,0.28627450980392155,0.34901960784313724,0.8745098039215686,0.46547482142423435,0.7568664556935691
p214-010-60167-cr.png,3565424.0,0.29593157646833596,0.09757866565026183,0.027450980392156862,0.23529411764705882,0.29411764705882354,0.3568627450980392,0.8901960784313725,0.22199724501009654,0.43020304365083994
p214-010-60167-ml.png,3610672.0,0.31163956595945613,0.11306574327246835,0.03137254901960784,0.2235294117647059,0.3058823529411765,0.39215686274509803,0.9058823529411765,0.38032621403680733,-0.18161737988565813
p214-010-60167-mr.png,3733568.0,0.3082489268741767,0.11311032818294864,0.03529411764705882,0.21568627450980393,0.2980392156862745,0.38823529411764707,0.8745098039215686,0.38933163418938466,-0.4378540625022916
p214-010-60171-cl.png,3363984.0,0.28394162467863715,0.13232343499567742,0.011764705882352941,0.1843137254901961,0.2980392156862745,0.3803921568627451,0.8431372549019608,-0.0722175031767358,-0.7270462368917651
p214-010-60171-cr.png,2839088.0,0.2903524404357191,0.13247375011243623,0.0196078431372549,0.17647058823529413,0.3058823529411765,0.38823529411764707,0.8862745098039215,-0.02478387765841357,-0.8245420903384283
p214-010-60171-ml.png,3934224.0,0.3316645855825747,0.12349748076155077,0.0392156862745098,0.22745098039215686,0.33725490196078434,0.4235294117647059,0.8313725490196079,0.09459903388996765,-0.7272500771822816
p214-010-60171-mr.png,3653888.0,0.3276998949408112,0.13359178953965342,0.03137254901960784,0.2,0.34509803921568627,0.43137254901960786,0.8313725490196079,0.03160644380505772,-1.01039353126864
p214-010-60174-cl.png,1300016.0,0.30302011667548717,0.17557162779166752,0.0196078431372549,0.14901960784313725,0.27450980392156865,0.44313725490196076,0.8901960784313725,0.44282004744375114,-0.8520232241647789
p214-010-60174-cr.png,1052128.0,0.2843353734936599,0.15534917518464136,0.01568627450980392,0.14901960784313725,0.26666666666666666,0.39215686274509803,1.0,0.5300556080410008,-0.3844743097576545
p214-010-60174-ml.png,1438704.0,0.2849392993999608,0.1539001730591096,0.0392156862745098,0.15294117647058825,0.24705882352941178,0.4,0.8784313725490196,0.6467552213541138,-0.5555329648507417
p214-010-60174-mr.png,1276352.0,0.2892997708911575,0.16132256646078613,0.023529411764705882,0.15294117647058825,0.2549019607843137,0.4,1.0,0.7385137789200971,-0.23217628192971615
p214-010-60176-cl.png,3929664.0,0.2841411118200475,0.10701461536050001,0.03137254901960784,0.20392156862745098,0.28627450980392155,0.3568627450980392,0.9764705882352941,0.17187744842255512,-0.11797433739183945
p214-010-60176-cr.png,3629328.0,0.28009961094293856,0.10370260249776611,0.023529411764705882,0.20392156862745098,0.28627450980392155,0.35294117647058826,0.8980392156862745,0.021333254736326142,-0.3525439756525103
p214-010-60176-ml.png,3762512.0,0.2780389980594525,0.08282432908967541,0.054901960784313725,0.21176470588235294,0.27450980392156865,0.3333333333333333,0.9411764705882353,0.636881502607315,1.010204148037636
p214-010-60176-mr.png,3438528.0,0.2893045637951051,0.09688781876049544,0.054901960784313725,0.21176470588235294,0.2823529411764706,0.34901960784313724,0.9686274509803922,0.8597109653967817,1.8745116300844493
p214-010-60181-cl.png,4106928.0,0.27972671983516995,0.10896426112149409,0.03529411764705882,0.19607843137254902,0.2784313725490196,0.35294117647058826,0.8705882352941177,0.306154255264516,-0.20949897516122837
p214-010-60181-cr.png,4758656.0,0.28617114316541886,0.10011612481988356,0.027450980392156862,0.21176470588235294,0.2901960784313726,0.3568627450980392,0.803921568627451,0.0915070108738477,-0.3528093121353038
p214-010-60181-ml.png,4323632.0,0.287591508032789,0.09861039269628243,0.011764705882352941,0.2196078431372549,0.28627450980392155,0.34901960784313724,0.8588235294117647,0.3816517128707013,0.3142454197590073
p214-010-60181-mr.png,5021376.0,0.2865340285446953,0.10066178025892247,0.00784313725490196,0.2196078431372549,0.28627450980392155,0.34901960784313724,0.9450980392156862,0.34522182626281456,0.6087016332128574
p214-010-60182-cl.png,4589472.0,0.27148579080428403,0.11926307780805365,0.023529411764705882,0.17647058823529413,0.2627450980392157,0.3568627450980392,0.8431372549019608,0.3978371042974122,-0.4459370280955797
p214-010-60182-cr.png,4684576.0,0.254094260507206,0.10708484874717934,0.027450980392156862,0.17254901960784313,0.25882352941176473,0.32941176470588235,0.7843137254901961,0.1423294354303582,-0.4957119727357608
p214-010-60182-ml.png,4339264.0,0.2679718288179565,0.108009170950861,0.011764705882352941,0.1843137254901961,0.25882352941176473,0.33725490196078434,0.8666666666666667,0.5544426170528041,0.17551831568415358
p214-010-60182-mr.png,4712896.0,0.28056524639011354,0.11115474644034828,0.00784313725490196,0.19607843137254902,0.27450980392156865,0.35294117647058826,0.9176470588235294,0.5576052268728691,0.48832729417322157
p214-010-60194-cl.png,1610464.0,0.2965877572440943,0.20010191684745834,0.023529411764705882,0.13725490196078433,0.23921568627450981,0.40784313725490196,0.984313725490196,0.9209296606944688,-0.1045657671987736
p214-010-60194-cr.png,1635776.0,0.32891327370965623,0.20092467111470264,0.0196078431372549,0.1607843137254902,0.29411764705882354,0.4666666666666667,0.9529411764705882,0.6604526561514165,-0.3394377854946461
p214-010-60194-ml.png,2060144.0,0.2943346830962053,0.1984893134621023,0.0196078431372549,0.13333333333333333,0.23921568627450981,0.4117647058823529,0.9882352941176471,0.9670516784144475,0.14362640476462604
p214-010-60194-mr.png,1950800.0,0.30606754192347435,0.210357792864383,0.01568627450980392,0.12549019607843137,0.24313725490196078,0.4588235294117647,0.9529411764705882,0.7630552581685852,-0.47711631366066093
p214-010-60196-cl.png,2071824.0,0.3253533970407662,0.18393973493525553,0.03137254901960784,0.16862745098039217,0.2980392156862745,0.4392156862745098,0.9568627450980393,0.6838791407995707,-0.24050454082057454
p214-010-60196-cr.png,1877456.0,0.30050020545114786,0.18061005178297432,0.0196078431372549,0.13725490196078433,0.2823529411764706,0.4235294117647059,0.9058823529411765,0.5377311571927825,-0.6060132409278034
p214-010-60196-ml.png,2687232.0,0.3292480040982767,0.16340730952244725,0.043137254901960784,0.18823529411764706,0.30196078431372547,0.43529411764705883,0.9529411764705882,0.7753242032470039,-0.00270307201070812
p214-010-60196-mr.png,2208864.0,0.3435327913743328,0.1531791085269556,0.07058823529411765,0.2235294117647059,0.2980392156862745,0.42745098039215684,0.9529411764705882,1.0532016494018404,0.5510605814526403
p214-010-60202-cl.png,2444832.0,0.30961679455227337,0.11745002127172362,0.054901960784313725,0.20784313725490197,0.3137254901960784,0.4,1.0,0.24063717162482418,-0.42034162586205015
p214-010-60202-cr.png,2251280.0,0.30410097680378445,0.1389072855390791,0.0392156862745098,0.1843137254901961,0.29411764705882354,0.403921568627451,1.0,0.47191427082297294,-0.27515734434372674
p214-010-60202-ml.png,2321712.0,0.26218090146324746,0.0789547286319374,0.07450980392156863,0.20392156862745098,0.24313725490196078,0.3058823529411765,0.984313725490196,1.1735220395453385,2.238879304327788
p214-010-60202-mr.png,2208864.0,0.27489765833318425,0.10206308591665211,0.07450980392156863,0.19607843137254902,0.24705882352941178,0.33725490196078434,0.996078431372549,1.0240133510802767,1.124404523113712
p214-010-60207-cl.png,1244896.0,0.3131692235540079,0.17156480340363897,0.0196078431372549,0.16470588235294117,0.29411764705882354,0.4470588235294118,0.8941176470588236,0.3998089943627728,-0.7519380573977918
p214-010-60207-cr.png,1085568.0,0.3409205243381399,0.20306835357325256,0.0196078431372549,0.15294117647058825,0.3137254901960784,0.5058823529411764,0.8862745098039215,0.3638148789554972,-1.0455827473608816
p214-010-60207-ml.png,1318208.0,0.3283109892740898,0.16889502577008841,0.027450980392156862,0.1803921568627451,0.2901960784313726,0.4588235294117647,0.8784313725490196,0.5663602541971693,-0.7235817767187196
p214-010-60207-mr.png,1204576.0,0.3432237095353512,0.17485517923858965,0.0392156862745098,0.16862745098039217,0.3411764705882353,0.49411764705882355,0.8156862745098039,0.13611832419828257,-1.2543757246822327
p214-010-60210-cl.png,2837344.0,0.28722588974123714,0.16229930346352062,0.01568627450980392,0.1607843137254902,0.2549019607843137,0.3843137254901961,0.9450980392156862,0.8462496813280076,0.3323770117357669
p214-010-60210-cr.png,3326400.0,0.2839982799517113,0.13574454335873576,0.01568627450980392,0.19607843137254902,0.26666666666666666,0.34901960784313724,0.9294117647058824,0.8286289330375276,0.7674644304543082
p214-010-60210-ml.png,3586752.0,0.2836963609962659,0.18073547129410716,0.03137254901960784,0.16470588235294117,0.2235294117647059,0.33725490196078434,0.9607843137254902,1.69635644009924,2.5056842712856326
p214-010-60210-mr.png,3453392.0,0.288997033391302,0.12593710855563883,0.00392156862745098,0.18823529411764706,0.27058823529411763,0.3686274509803922,0.8549019607843137,0.6895488504607891,0.13968389364178455
p214-010-60211-cl.png,2394096.0,0.24714040821466599,0.16124262094650876,0.023529411764705882,0.12156862745098039,0.20392156862745098,0.3333333333333333,0.8901960784313725,1.2337131474956018,1.2448263679679068
p214-010-60211-cr.png,2032784.0,0.278155884428719,0.1670538020423317,0.027450980392156862,0.1450980392156863,0.24313725490196078,0.37254901960784315,0.9568627450980393,0.9959611123179593,0.6735994900736163
p214-010-60211-ml.png,2189824.0,0.3115694175583487,0.1387993909870607,0.03529411764705882,0.2,0.28627450980392155,0.403921568627451,0.8313725490196079,0.591853190604848,-0.3609264667409752
p214-010-60211-mr.png,2157920.0,0.31939815864805177,0.16414188266121527,0.0196078431372549,0.18823529411764706,0.29411764705882354,0.42745098039215684,0.9568627450980393,0.6469204864898298,-0.1339301310399804
p214-010-60216-cl.png,1637392.0,0.2985690156340442,0.10775762093940024,0.054901960784313725,0.2196078431372549,0.2901960784313726,0.3686274509803922,0.8666666666666667,0.44221926664020633,-0.23631650019527414
p214-010-60216-cr.png,1838048.0,0.29204483853117513,0.11234510627913345,0.043137254901960784,0.20392156862745098,0.2784313725490196,0.36470588235294116,0.9058823529411765,0.6459232573430916,0.13571428703369462
p214-010-60216-ml.png,1714672.0,0.31115966705437004,0.12185478694897493,0.08627450980392157,0.20784313725490197,0.28627450980392155,0.396078431372549,0.8,0.7094388604805141,-0.26064195181516875
p214-010-60216-mr.png,1736448.0,0.2942716486104247,0.12452245412669116,0.043137254901960784,0.19215686274509805,0.26666666666666666,0.3764705882352941,0.9215686274509803,0.7806537697787473,-0.05849254754141482
p214-010-60224-cl.png,3122384.0,0.2649878099680294,0.11352922920728796,0.03529411764705882,0.1843137254901961,0.2549019607843137,0.3254901960784314,0.9137254901960784,0.849044448505054,1.0148517803037622
p214-010-60224-cr.png,2920976.0,0.2717292023047683,0.11473826933763144,0.03529411764705882,0.18823529411764706,0.25882352941176473,0.3333333333333333,0.8980392156862745,0.8321137031125111,1.0588536934901658
p214-010-60224-ml.png,3081776.0,0.2860139304954892,0.10860814002168645,0.050980392156862744,0.20392156862745098,0.2549019607843137,0.34509803921568627,0.8549019607843137,1.098095857149777,0.9669125590555688
p214-010-60224-mr.png,2798704.0,0.2967419878041029,0.0972055700255836,0.07058823529411765,0.2196078431372549,0.27450980392156865,0.3607843137254902,0.8274509803921568,0.8493196044769703,0.48112503386578065
p214-010-60226-cl.png,1617344.0,0.28517043629410105,0.17503287815877375,0.03137254901960784,0.1450980392156863,0.23529411764705882,0.3843137254901961,0.9294117647058824,1.0013306668206992,0.2609949952436279
p214-010-60226-cr.png,1515984.0,0.29734165542437313,0.17248665495157625,0.023529411764705882,0.1568627450980392,0.25882352941176473,0.403921568627451,0.9529411764705882,0.8293180308633032,0.0254650558022642
p214-010-60226-ml.png,1797376.0,0.2859939112110446,0.17242263267719568,0.027450980392156862,0.14901960784313725,0.23921568627450981,0.3764705882352941,0.9686274509803922,1.0913661029685624,0.6418314920851123
p214-010-60226-mr.png,1571456.0,0.29055175956714846,0.16544009406530352,0.0196078431372549,0.1568627450980392,0.2549019607843137,0.38823529411764707,0.9607843137254902,0.9311386785557431,0.33875090720409395
p214-010-60231-cl.png,1172080.0,0.3033933807636768,0.20583228020662928,0.01568627450980392,0.11764705882352941,0.2549019607843137,0.47058823529411764,0.9333333333333333,0.5221421524177998,-0.9360465082209241
p214-010-60231-cr.png,1051824.0,0.27650733485867607,0.1961373642771206,0.011764705882352941,0.09411764705882353,0.23921568627450981,0.4235294117647059,0.9215686274509803,0.5858743343917808,-0.7290471311041185
p214-010-60231-ml.png,1608432.0,0.29115746779179597,0.20232559304189504,0.01568627450980392,0.12549019607843137,0.21176470588235294,0.43529411764705883,0.9333333333333333,0.8718028953054864,-0.39708065950041216
p214-010-60231-mr.png,1640320.0,0.29363312180119816,0.21949611652041454,0.011764705882352941,0.10588235294117647,0.20392156862745098,0.4627450980392157,0.9450980392156862,0.7543652338965098,-0.6871944502764773
p214-010-60233-cl.png,3187744.0,0.29719358722337946,0.12366116799539605,0.03137254901960784,0.2,0.30196078431372547,0.3843137254901961,0.8470588235294118,0.15032369973953946,-0.4711228709862341
p214-010-60233-cr.png,3171280.0,0.2830615225076435,0.13800459331951237,0.01568627450980392,0.1803921568627451,0.2784313725490196,0.36470588235294116,0.8666666666666667,0.5846153576069294,0.3322806800128661
p214-010-60233-ml.png,3499552.0,0.3355901981223907,0.13330246703390142,0.03137254901960784,0.23529411764705882,0.33725490196078434,0.4196078431372549,0.9294117647058824,0.420102661129816,0.2591614431250333
p214-010-60233-mr.png,3556048.0,0.31901603392636,0.14727019400692598,0.01568627450980392,0.2,0.3058823529411765,0.403921568627451,0.9176470588235294,0.7655799856733166,0.4099796567981147
p214-010-60247-cl.png,1822496.0,0.2882107361143677,0.1883334173307218,0.03137254901960784,0.11764705882352941,0.23921568627450981,0.4392156862745098,0.8941176470588236,0.6028410234835141,-0.8879617030300092
p214-010-60247-cr.png,1346992.0,0.2535205356329759,0.1688481336263201,0.047058823529411764,0.11764705882352941,0.1843137254901961,0.36470588235294116,0.8627450980392157,1.0093301513406787,0.015735302576855917
p214-010-60247-ml.png,2125536.0,0.27605777794308795,0.1877701793247682,0.03529411764705882,0.12156862745098039,0.19215686274509805,0.4117647058823529,0.8862745098039215,0.8853987149404606,-0.46222095011941156
p214-010-60247-mr.png,1877456.0,0.26712838449225657,0.1793319366432321,0.03529411764705882,0.12549019607843137,0.1843137254901961,0.38823529411764707,0.8470588235294118,0.9496734301131702,-0.3557546885820505
p214-010-60257-cl.png,2202928.0,0.29398369165145316,0.0994330157710869,0.06666666666666667,0.20392156862745098,0.30980392156862746,0.36470588235294116,0.9725490196078431,-0.05158786178611888,-0.6266760429191244
p214-010-60257-cr.png,1858192.0,0.3026102707974878,0.10154131057564297,0.047058823529411764,0.22745098039215686,0.30980392156862746,0.3686274509803922,0.796078431372549,0.06624900131309719,-0.2417449487907574
p214-010-60257-ml.png,2544992.0,0.29480795779226326,0.09412298210676642,0.06274509803921569,0.2196078431372549,0.2901960784313726,0.35294117647058826,0.9882352941176471,0.5868657261341043,0.47698819389062974
p214-010-60257-mr.png,2519328.0,0.28234602678983933,0.10064268434633461,0.054901960784313725,0.20784313725490197,0.27058823529411763,0.33725490196078434,0.8588235294117647,0.898281239226673,1.1272953739946683
p214-010-60264-cl.png,5525344.0,0.26030682699681357,0.11378956697523644,0.0196078431372549,0.1843137254901961,0.25882352941176473,0.3254901960784314,0.9058823529411765,0.4867117022074844,0.6583945592821716
p214-010-60264-cr.png,5171840.0,0.2631412880552539,0.1249334454743629,0.00784313725490196,0.1843137254901961,0.2549019607843137,0.3254901960784314,0.9921568627450981,1.1214407706489424,2.9028393848069194
p214-010-60264-ml.png,5156576.0,0.29751505802360667,0.12983185956904938,0.0196078431372549,0.19215686274509805,0.29411764705882354,0.3803921568627451,0.9254901960784314,0.5103906603185665,0.06009483257627081
p214-010-60264-mr.png,5016992.0,0.2823727241421187,0.13315234213481372,0.01568627450980392,0.16862745098039217,0.2784313725490196,0.3686274509803922,0.9568627450980393,0.5221930840224515,0.12419008829140167
p214-010-60266-cl.png,1456272.0,0.30631924880656847,0.14492560328672477,0.0196078431372549,0.19607843137254902,0.2901960784313726,0.396078431372549,0.9372549019607843,0.6616354081771771,0.1817111661031902
p214-010-60266-cr.png,1335904.0,0.3184457336842803,0.15005960709330052,0.027450980392156862,0.20392156862745098,0.2980392156862745,0.4117647058823529,1.0,0.6817525591067652,0.16065650868417447
p214-010-60266-ml.png,1683536.0,0.2962427610346179,0.16502911838819204,0.011764705882352941,0.1607843137254902,0.2627450980392157,0.396078431372549,0.996078431372549,0.8535479987596364,0.22768651087193137
p214-010-60266-mr.png,1469008.0,0.2914218115551581,0.16104195717778716,0.027450980392156862,0.1607843137254902,0.2627450980392157,0.38823529411764707,0.996078431372549,0.8148613881422989,0.2546746308898912
p214-010-60279-cl.png,1564768.0,0.30246012789868193,0.16582860802968533,0.01568627450980392,0.16470588235294117,0.28627450980392155,0.4117647058823529,0.9294117647058824,0.5740220924060173,-0.2148649568094102
p214-010-60279-cr.png,1521776.0,0.294988371172506,0.17082870737302425,0.0196078431372549,0.15294117647058825,0.26666666666666666,0.4,0.9568627450980393,0.7747471168699371,0.04506173737151908
p214-010-60279-ml.png,1873056.0,0.3034244362070937,0.15662045846296016,0.027450980392156862,0.17254901960784313,0.2823529411764706,0.40784313725490196,0.9411764705882353,0.6458598186247801,-0.1913810843110349
p214-010-60279-mr.png,1555920.0,0.31543318170499207,0.15713321887088513,0.0196078431372549,0.18823529411764706,0.3058823529411765,0.4196078431372549,0.9254901960784314,0.46984954486175845,-0.29067254382753344
p214-010-60282-cl.png,2016608.0,0.28783374621846086,0.12704080843720686,0.047058823529411764,0.1843137254901961,0.27058823529411763,0.3686274509803922,0.9019607843137255,0.6945494447876391,0.10321260838260696
p214-010-60282-cr.png,1693040.0,0.2848345035221478,0.1281984363779694,0.03529411764705882,0.17647058823529413,0.26666666666666666,0.3686274509803922,1.0,0.7005961022352862,0.0889182482772289
p214-010-60282-ml.png,2628672.0,0.2842253859460174,0.10967683968211962,0.03529411764705882,0.18823529411764706,0.26666666666666666,0.3607843137254902,0.8627450980392157,0.6572882992276672,-0.11636939579080038
p214-010-60282-mr.png,2482208.0,0.28503202809440503,0.11676554344139974,0.03529411764705882,0.19215686274509805,0.2549019607843137,0.3607843137254902,1.0,0.8992494055286859,0.4453495941930169
p214-010-60283-cl.png,3523552.0,0.30309515656304764,0.15468449351397395,0.023529411764705882,0.16862745098039217,0.30196078431372547,0.41568627450980394,1.0,0.34223139465905733,-0.361661061936332
p214-010-60283-cr.png,3069856.0,0.28893621733141805,0.1393544787620068,0.0196078431372549,0.17647058823529413,0.28627450980392155,0.3803921568627451,1.0,0.5456190166797017,0.5123612051500933
p214-010-60283-ml.png,3130992.0,0.2589998251008486,0.11958453962112421,0.027450980392156862,0.16470588235294117,0.23921568627450981,0.3333333333333333,1.0,0.9688976499082346,1.6195169959176712
p214-010-60283-mr.png,3150528.0,0.22863391811922132,0.1102931928127136,0.00392156862745098,0.1450980392156863,0.20392156862745098,0.2901960784313726,1.0,1.2526908353061355,2.82519908373206
p214-010-60306-cl.png,1417152.0,0.34089125618860644,0.13572844149723007,0.058823529411764705,0.21568627450980393,0.3764705882352941,0.45098039215686275,0.7686274509803922,-0.3192985696938119,-1.1478546247680128
p214-010-60306-cr.png,1391280.0,0.37934056774915115,0.1350456969911093,0.07450980392156863,0.25098039215686274,0.4117647058823529,0.49019607843137253,0.7529411764705882,-0.31184556221077764,-1.1525764579813103
p214-010-60306-ml.png,2012544.0,0.33690167816474664,0.13246982237694363,0.06666666666666667,0.21568627450980393,0.3333333333333333,0.4392156862745098,0.9450980392156862,0.29287815669600475,-0.6511350848652804
p214-010-60306-mr.png,1922560.0,0.33635054812537535,0.13263148290602045,0.06666666666666667,0.20784313725490197,0.34901960784313724,0.44313725490196076,0.8588235294117647,0.04661759557893488,-1.0703821436558827
p214-010-60326-cl.png,4354720.0,0.2993586305632223,0.15302958328688313,0.023529411764705882,0.16862745098039217,0.29411764705882354,0.40784313725490196,0.9098039215686274,0.3741119031990072,-0.5460152289948389
p214-010-60326-cr.png,3590416.0,0.30114144509858987,0.14442886557496368,0.01568627450980392,0.1803921568627451,0.3058823529411765,0.403921568627451,0.9254901960784314,0.19990801711059047,-0.6645117112545377
p214-010-60326-ml.png,4369056.0,0.29080462824975273,0.14948014493914918,0.011764705882352941,0.14901960784313725,0.2784313725490196,0.403921568627451,0.9176470588235294,0.41067769010113403,-0.7699901997845678
p214-010-60326-mr.png,3627504.0,0.312383036304161,0.15438427228650575,0.027450980392156862,0.1568627450980392,0.3215686274509804,0.43137254901960786,0.8941176470588236,0.19484153480907113,-0.9141816950184368
p214-010-60330-cl.png,2511120.0,0.3001776833897725,0.13195674232647361,0.027450980392156862,0.20392156862745098,0.30196078431372547,0.396078431372549,0.8352941176470589,0.06547664030789933,-0.6536962002880817
p214-010-60330-cr.png,2409840.0,0.3094659754483743,0.10438343205746177,0.0392156862745098,0.24705882352941178,0.3137254901960784,0.3803921568627451,0.9215686274509803,-0.07363453668754712,-0.1243533078136813
p214-010-60330-ml.png,2777376.0,0.3516802698577615,0.12224811604459496,0.06666666666666667,0.24705882352941178,0.35294117647058826,0.4470588235294118,0.8392156862745098,0.08836438708120603,-0.9209432506891007
p214-010-60330-mr.png,2777568.0,0.3380101076998039,0.11423404094317413,0.06666666666666667,0.24705882352941178,0.34509803921568627,0.4196078431372549,0.8745098039215686,0.022283917480652827,-0.6662859049814661
p214-010-60331-cl.png,2742864.0,0.31478405740260157,0.1342198952636818,0.023529411764705882,0.21568627450980393,0.3215686274509804,0.41568627450980394,0.8509803921568627,-0.038495146113282586,-0.6939900387127644
p214-010-60331-cr.png,3004032.0,0.29790252358346714,0.12389104260517439,0.023529411764705882,0.2,0.30196078431372547,0.3843137254901961,1.0,0.1762130771936403,-0.3760224673371057
p214-010-60331-ml.png,3053936.0,0.33546463241111096,0.12204095160901914,0.058823529411764705,0.2235294117647059,0.34509803921568627,0.42745098039215684,0.8274509803921568,0.12978445964218507,-0.7820467149484778
p214-010-60331-mr.png,2987984.0,0.31002267093537234,0.13152584687845825,0.03529411764705882,0.19215686274509805,0.3058823529411765,0.4117647058823529,1.0,0.3294784396778843,-0.6794688787474921
p214-010-60348-cl.png,617600.0,0.403911605963629,0.1450800571239497,0.01568627450980392,0.3137254901960784,0.4117647058823529,0.5098039215686274,0.8117647058823529,-0.2832560232861764,-0.3279130341681759
p214-010-60348-cr.png,687280.0,0.34856643181076397,0.14685349100839448,0.011764705882352941,0.23921568627450981,0.3568627450980392,0.4627450980392157,0.8862745098039215,-0.12894996870239808,-0.77890321769316
p214-010-60348-ml.png,804304.0,0.3563992241349384,0.12193046222248136,0.027450980392156862,0.26666666666666666,0.34901960784313724,0.44313725490196076,0.8588235294117647,0.1916170498792882,-0.32768305861122704
p214-010-60348-mr.png,795680.0,0.311673542028917,0.12743949538967783,0.0196078431372549,0.21568627450980393,0.2980392156862745,0.39215686274509803,0.9098039215686274,0.5523211529656112,0.06982338414408655
p214-010-60357-cl.png,7089472.0,0.30691018799619013,0.1575810224785657,0.00392156862745098,0.1568627450980392,0.30980392156862746,0.43529411764705883,0.9686274509803922,0.1543662528040256,-1.0914791594328457
p214-010-60357-cr.png,7497904.0,0.29668809979376587,0.1558426130706745,0.023529411764705882,0.1450980392156863,0.2980392156862745,0.4235294117647059,1.0,0.21691676201259597,-0.9886268690779069
p214-010-60357-ml.png,6576224.0,0.3081938015660359,0.14897250366915346,0.03529411764705882,0.16470588235294117,0.3058823529411765,0.43137254901960786,0.9647058823529412,0.18007458018383643,-1.1165347880182108
p214-010-60357-mr.png,6750176.0,0.3003137945777193,0.15302807183291717,0.023529411764705882,0.15294117647058825,0.2823529411764706,0.43137254901960786,0.996078431372549,0.298611372193479,-1.131949491398222
p214-010-60385-cl.png,2099856.0,0.2713232604857611,0.15672147415949644,0.027450980392156862,0.1411764705882353,0.21176470588235294,0.38823529411764707,0.9411764705882353,0.8095088788783019,-0.42665240809191385
p214-010-60385-cr.png,1909008.0,0.27483406431559243,0.1461694699199803,0.043137254901960784,0.14901960784313725,0.2196078431372549,0.403921568627451,0.996078431372549,0.5928699909788508,-0.9169026197001409
p214-010-60385-ml.png,2216944.0,0.2911928400572333,0.1461625272727948,0.03529411764705882,0.17254901960784313,0.23921568627450981,0.4,0.8745098039215686,0.7823942573408614,-0.4666655283105509
p214-010-60385-mr.png,1778576.0,0.3137319395062205,0.1478137759892932,0.043137254901960784,0.1843137254901961,0.26666666666666666,0.44313725490196076,0.996078431372549,0.47664952194669064,-1.043876503518597
p214-010-60439-cl.png,3185808.0,0.3311674248330564,0.16572935086881807,0.00784313725490196,0.20784313725490197,0.29411764705882354,0.41568627450980394,0.9490196078431372,1.0544552161924623,0.74808754677707
p214-010-60439-cr.png,2657616.0,0.27461380690770354,0.14744846001104375,0.050980392156862744,0.1607843137254902,0.22745098039215686,0.36470588235294116,0.8352941176470589,0.9892650956403264,0.1528929459438939
p214-010-60439-ml.png,3326544.0,0.28291652791346594,0.12472861174509048,0.03529411764705882,0.18823529411764706,0.2549019607843137,0.35294117647058826,0.9254901960784314,1.0418236276814294,0.9767418737337976
p214-010-60439-mr.png,3052352.0,0.27821858389215676,0.14225081176869547,0.054901960784313725,0.17647058823529413,0.2235294117647059,0.33725490196078434,0.9254901960784314,1.3883985458538535,1.352411528446928
p214-010-60568-cl.png,2578560.0,0.3110131570622788,0.12484925797851242,0.03137254901960784,0.20784313725490197,0.3411764705882353,0.4,0.7764705882352941,-0.3791334823152998,-0.8483685326358644
p214-010-60568-cr.png,2721744.0,0.3111050048763427,0.12361918851434196,0.027450980392156862,0.20784313725490197,0.34901960784313724,0.403921568627451,0.7215686274509804,-0.4850310552068899,-0.9444956397992095
p214-010-60568-ml.png,3065584.0,0.3134488835905136,0.140596792939177,0.058823529411764705,0.1607843137254902,0.34901960784313724,0.43137254901960786,0.7450980392156863,-0.07783322200085506,-1.377802320043311
p214-010-60568-mr.png,2876656.0,0.29999708539577724,0.12162448295995767,0.06274509803921569,0.17647058823529413,0.3176470588235294,0.4,0.8470588235294118,0.07501753589457501,-1.1925940868691092
p214-010-60618-cl.png,1386240.0,0.3012422176280483,0.13329197051051356,0.0392156862745098,0.18823529411764706,0.29411764705882354,0.4,0.7843137254901961,0.3129609533378519,-0.7537699226337788
p214-010-60618-cr.png,1344624.0,0.3103344408956718,0.14471605642906354,0.0196078431372549,0.19215686274509805,0.30196078431372547,0.41568627450980394,0.8745098039215686,0.33622570196673635,-0.5765341353377424
p214-010-60618-ml.png,1564512.0,0.315861516775412,0.12248859114480946,0.058823529411764705,0.20784313725490197,0.3058823529411765,0.4117647058823529,0.796078431372549,0.38629750484236136,-0.7441130620800425
p214-010-60618-mr.png,1330048.0,0.3208279671699301,0.14713138309289617,0.03137254901960784,0.19607843137254902,0.30196078431372547,0.4235294117647059,0.8470588235294118,0.5110082784704345,-0.5140945676616158
p214-010-60666-cl.png,1411168.0,0.28374066105273843,0.14075221577944594,0.0196078431372549,0.16862745098039217,0.2784313725490196,0.39215686274509803,0.8666666666666667,0.21911416978680998,-0.7945330251744092
p214-010-60666-cr.png,908320.0,0.30234918073271244,0.1454784601192313,0.023529411764705882,0.1803921568627451,0.2823529411764706,0.4196078431372549,0.8313725490196079,0.33818345051220816,-0.8947525149204398
p214-010-60666-ml.png,1347488.0,0.3053700241762857,0.11624582128628475,0.03137254901960784,0.21176470588235294,0.30980392156862746,0.39215686274509803,0.7019607843137254,0.0494808405517352,-0.7724439721274434
p214-010-60666-mr.png,1130160.0,0.328400511050318,0.11950934678891946,0.03529411764705882,0.23921568627450981,0.3254901960784314,0.41568627450980394,0.9803921568627451,0.06440395012325706,-0.5460600132168364
p214-010-60733-cl.png,1279136.0,0.30795761710232833,0.12579950218739588,0.0196078431372549,0.21568627450980393,0.3176470588235294,0.403921568627451,0.6862745098039216,-0.1717259191807516,-0.7463382791813343
p214-010-60733-cr.png,1546640.0,0.3189111221998756,0.11575506942196051,0.01568627450980392,0.23921568627450981,0.3254901960784314,0.403921568627451,0.7137254901960784,-0.15750513633105276,-0.5377739432572919
p214-010-60733-ml.png,1371440.0,0.3010650319744069,0.14468013850746828,0.011764705882352941,0.1843137254901961,0.2980392156862745,0.40784313725490196,0.7803921568627451,0.19838638509707393,-0.7946083343114899
p214-010-60733-mr.png,1631424.0,0.3051261532328596,0.13240214224656494,0.011764705882352941,0.20392156862745098,0.30196078431372547,0.4,0.7686274509803922,0.14910907086684616,-0.5942088188661726
p214-010-60813-cl.png,1165664.0,0.3400234493967793,0.18831638198898115,0.01568627450980392,0.16862745098039217,0.34901960784313724,0.4980392156862745,0.8705882352941177,0.046247208528626044,-1.0922506090289168
p214-010-60813-cr.png,1042240.0,0.33648361071478,0.162664735826643,0.011764705882352941,0.19215686274509805,0.34509803921568627,0.4745098039215686,0.807843137254902,-0.021987697650050105,-1.1187959057638572
p214-010-60813-ml.png,1139792.0,0.35883376519747523,0.17589217677578212,0.01568627450980392,0.20784313725490197,0.37254901960784315,0.5019607843137255,0.8352941176470589,-0.07688089007800797,-1.0549591743107691
p214-010-60813-mr.png,1144960.0,0.3637870592619383,0.17453933271506053,0.011764705882352941,0.2235294117647059,0.3843137254901961,0.5058823529411764,0.8156862745098039,-0.20440471542528926,-1.0247339441047196
p214-010-60880-cl.png,1830416.0,0.3076472726397051,0.1580694252627892,0.00784313725490196,0.1803921568627451,0.30196078431372547,0.42745098039215684,0.8784313725490196,0.1451115352537623,-0.8314188236589252
p214-010-60880-cr.png,1446880.0,0.3001035466713503,0.1700682155726413,0.0196078431372549,0.1450980392156863,0.29411764705882354,0.4392156862745098,0.8,0.16924410873183823,-1.1037156837361943
p214-010-60880-ml.png,2195296.0,0.31873522330670395,0.20324744938229827,0.01568627450980392,0.11764705882352941,0.3058823529411765,0.49411764705882355,0.8666666666666667,0.2420208274808491,-1.2492514725055308
p214-010-60880-mr.png,1780816.0,0.33133414846967707,0.19101770549305544,0.0196078431372549,0.13333333333333333,0.33725490196078434,0.4980392156862745,0.8117647058823529,0.09581807906558958,-1.3185431932348624
p214-010-60916-cl.png,2820336.0,0.2807668876276847,0.11595106620246685,0.0196078431372549,0.19607843137254902,0.29411764705882354,0.3686274509803922,0.996078431372549,-0.13331495306101732,-0.4783204465234872
p214-010-60916-cr.png,2585568.0,0.2910095106496417,0.11105011446522255,0.023529411764705882,0.21176470588235294,0.30196078431372547,0.37254901960784315,1.0,-0.1418675848843901,-0.4058736543999508
p214-010-60916-ml.png,3395456.0,0.3479438691118999,0.13318659192119098,0.011764705882352941,0.24705882352941178,0.3568627450980392,0.45098039215686275,0.996078431372549,-0.09355871999433361,-0.7527080985561369
p214-010-60916-mr.png,3132048.0,0.34497820657945993,0.12488640232930695,0.054901960784313725,0.23921568627450981,0.3411764705882353,0.44313725490196076,0.996078431372549,0.1796130797850427,-0.7579266984976885
p214-010-60929-cl.png,1862144.0,0.3591585617354587,0.1774706853495573,0.0196078431372549,0.21176470588235294,0.34901960784313724,0.49019607843137253,0.9333333333333333,0.2949685904596511,-0.7006773785559535
p214-010-60929-cr.png,1873888.0,0.30452124872217007,0.16277309241059226,0.0196078431372549,0.17254901960784313,0.28627450980392155,0.41568627450980394,0.9215686274509803,0.47922173297592513,-0.5136915440185038
p214-010-60929-ml.png,1699408.0,0.32530165291239616,0.12796465775381421,0.023529411764705882,0.2196078431372549,0.3215686274509804,0.41568627450980394,0.803921568627451,0.3103464697671015,-0.47862990270559497
p214-010-60929-mr.png,1720144.0,0.33089301552318745,0.13317802353707492,0.027450980392156862,0.22745098039215686,0.3215686274509804,0.42745098039215684,0.803921568627451,0.3178736420212546,-0.5278886695898146
p214-010-61062-cl.png,4910336.0,0.2751735818278093,0.1128733724990488,0.011764705882352941,0.1843137254901961,0.2784313725490196,0.36470588235294116,0.9921568627450981,0.05923873528743734,-0.6723218470669272
p214-010-61062-cr.png,4828448.0,0.2870209259137248,0.12442986492781526,0.01568627450980392,0.17647058823529413,0.2901960784313726,0.38823529411764707,0.9294117647058824,0.07657118145515562,-0.9731405245260124
p214-010-61062-ml.png,4726048.0,0.30601266784906656,0.12455385530583801,0.03137254901960784,0.19607843137254902,0.2980392156862745,0.403921568627451,1.0,0.3011705809674042,-0.8187212147358468
p214-010-61062-mr.png,4567536.0,0.31727979597666633,0.11958581730708208,0.050980392156862744,0.21176470588235294,0.3058823529411765,0.41568627450980394,0.9882352941176471,0.3011330855559125,-0.9201943018769815
p214-010-61236-cl.png,3797072.0,0.3117833043202659,0.14604581519192497,0.023529411764705882,0.17647058823529413,0.3137254901960784,0.43137254901960786,0.8901960784313725,0.16410143484581763,-1.0734164985624817
p214-010-61236-cr.png,3394192.0,0.3136369490969903,0.13786355021073388,0.0392156862745098,0.19607843137254902,0.3215686274509804,0.4235294117647059,0.8,-0.011896863484588925,-0.9510416820928738
p214-010-61236-ml.png,4143568.0,0.30315175751155243,0.1516412767344913,0.0,0.1568627450980392,0.3058823529411765,0.42745098039215684,0.8274509803921568,0.1786199343881401,-1.074934636263956
p214-010-61236-mr.png,3724368.0,0.330172999268917,0.14628532620113796,0.050980392156862744,0.19215686274509805,0.3215686274509804,0.45098039215686275,0.8196078431372549,0.24949533703856142,-1.0836080671677562
p214-010-61246-cl.png,2292112.0,0.2782504177669448,0.10811565233124276,0.03529411764705882,0.20392156862745098,0.2627450980392157,0.3333333333333333,1.0,1.2053192724481665,3.2277915352223436
p214-010-61246-cr.png,1967376.0,0.2829850900436946,0.0990689488581474,0.0392156862745098,0.21176470588235294,0.27058823529411763,0.33725490196078434,0.8901960784313725,0.8465799333132693,1.1224472520751143
p214-010-61246-ml.png,2104176.0,0.27473984134034257,0.12115093858860541,0.03137254901960784,0.1843137254901961,0.25882352941176473,0.34901960784313724,1.0,0.7606330142768268,0.5113824216022033
p214-010-61246-mr.png,2042480.0,0.26674941305494815,0.1186710294144133,0.023529411764705882,0.1803921568627451,0.24705882352941178,0.3333333333333333,0.9372549019607843,1.0127326091613258,1.2803083726161923
p214-010-61445-cl.png,1649424.0,0.32981596760385423,0.12715233574271437,0.047058823529411764,0.23529411764705882,0.3568627450980392,0.42745098039215684,0.788235294117647,-0.4301642184537043,-0.8078037524294183
p214-010-61445-cr.png,1568880.0,0.34568886909207625,0.11423913935965377,0.03529411764705882,0.2823529411764706,0.36470588235294116,0.42745098039215684,0.796078431372549,-0.5068358314906027,-0.34394945066927407
p214-010-61445-ml.png,2208304.0,0.3336217970984104,0.11458926557191776,0.01568627450980392,0.2235294117647059,0.3607843137254902,0.4196078431372549,0.788235294117647,-0.1993957121320526,-0.9782915848565611
p214-010-61445-mr.png,2083696.0,0.3655902084094614,0.11244273343637814,0.0784313725490196,0.26666666666666666,0.3843137254901961,0.45098039215686275,0.8549019607843137,-0.14981422668238847,-0.8222986227573408
p214-010-61546-cl.png,2255232.0,0.29010870687170365,0.12241892094356316,0.011764705882352941,0.20784313725490197,0.30196078431372547,0.37254901960784315,0.9098039215686274,0.025925486675919113,-0.08901273868159996
p214-010-61546-cr.png,2407696.0,0.2857208505640279,0.11209473356291917,0.023529411764705882,0.21176470588235294,0.2901960784313726,0.3568627450980392,0.9019607843137255,0.1193557541160387,0.17963806030208104
p214-010-61546-ml.png,2461344.0,0.3360835619984568,0.1402409147069975,0.03529411764705882,0.20784313725490197,0.33725490196078434,0.44313725490196076,0.9294117647058824,0.31161331864380604,-0.6770203273591765
p214-010-61546-mr.png,2507712.0,0.3042782487328189,0.13330467733661572,0.0196078431372549,0.19215686274509805,0.2901960784313726,0.396078431372549,0.9764705882352941,0.5996174308786743,0.11267490796925075
p214-010-61626-cl.png,6755552.0,0.25719856183825224,0.09911046194177754,0.00784313725490196,0.17647058823529413,0.2627450980392157,0.32941176470588235,0.9058823529411765,0.05010919939678319,-0.6042624518897148
p214-010-61626-cr.png,6358736.0,0.25841454382523477,0.096376075125267,0.00392156862745098,0.1843137254901961,0.26666666666666666,0.32941176470588235,0.996078431372549,0.06049086141775908,-0.2949412691565839
p214-010-61626-ml.png,5978656.0,0.29122683996497656,0.10852628074058424,0.00392156862745098,0.2,0.2901960784313726,0.3686274509803922,0.8862745098039215,0.36916137449866154,-0.05354048654095466
p214-010-61626-mr.png,5943040.0,0.29785535058574364,0.10701371773499488,0.023529411764705882,0.20784313725490197,0.2980392156862745,0.3764705882352941,0.984313725490196,0.2686408277408213,-0.34147711217175214
p214-010-61823-cl.png,4066272.0,0.29573477796340814,0.13967986622042214,0.027450980392156862,0.17647058823529413,0.2901960784313726,0.403921568627451,0.8470588235294118,0.27248345356855036,-0.8224184266329057
p214-010-61823-cr.png,4204464.0,0.28840193399672537,0.14007469101137004,0.03137254901960784,0.16862745098039217,0.2823529411764706,0.396078431372549,0.8156862745098039,0.2854159566649399,-0.8305619891580143
p214-010-61823-ml.png,4178368.0,0.2936602839513738,0.13099393820418018,0.050980392156862744,0.17254901960784313,0.2823529411764706,0.396078431372549,0.8196078431372549,0.37827233994205006,-0.8574688323024982
p214-010-61823-mr.png,3999152.0,0.28962788150303537,0.12398734936313775,0.054901960784313725,0.1803921568627451,0.27450980392156865,0.3843137254901961,0.8352941176470589,0.4760309953645726,-0.7222045768745473
p214-010-62144-cl.png,5504736.0,0.2852505052903889,0.14332324952232384,0.027450980392156862,0.1607843137254902,0.2784313725490196,0.396078431372549,0.8274509803921568,0.2932851036351995,-0.8372572961840805
p214-010-62144-cr.png,4708112.0,0.28015123184635116,0.12576525850935413,0.03137254901960784,0.1843137254901961,0.27450980392156865,0.37254901960784315,0.788235294117647,0.18152388537333028,-0.730273017286642
p214-010-62144-ml.png,5559808.0,0.304572290773985,0.133637555739267,0.01568627450980392,0.16862745098039217,0.3176470588235294,0.40784313725490196,0.8,0.07051244729928173,-1.0351755066518387
p214-010-62144-mr.png,5097024.0,0.3087257822542385,0.12116007043758448,0.058823529411764705,0.2,0.30980392156862746,0.4,0.8196078431372549,0.14271061932616863,-0.8771774502039977
p214-010-62326-cl.png,5751744.0,0.27135745671737344,0.12097296150060179,0.023529411764705882,0.17254901960784313,0.2627450980392157,0.3568627450980392,0.8823529411764706,0.3972298778141304,-0.45762558778758033
p214-010-62326-cr.png,5796848.0,0.29447540199398703,0.1522760430573117,0.03137254901960784,0.1568627450980392,0.2823529411764706,0.41568627450980394,0.9019607843137255,0.34815404314946063,-0.8971904231365259
p214-010-62326-ml.png,6295360.0,0.2857503546963439,0.12650555550117223,0.023529411764705882,0.1803921568627451,0.26666666666666666,0.3803921568627451,0.9137254901960784,0.5354453700679772,-0.4709651186416753
p214-010-62326-mr.png,5633568.0,0.29598990181989226,0.13554651745802876,0.03529411764705882,0.1843137254901961,0.27058823529411763,0.38823529411764707,0.8823529411764706,0.6814874348566085,-0.21004547588947461
p214-010-62465-cl.png,6078912.0,0.2917166156203805,0.14810059486734756,0.03137254901960784,0.15294117647058825,0.2823529411764706,0.41568627450980394,0.8,0.230158382818116,-1.1502090608059772
p214-010-62465-cr.png,4973216.0,0.29766316202634235,0.13898823547241007,0.01568627450980392,0.1803921568627451,0.2980392156862745,0.403921568627451,0.8470588235294118,0.13023369016598055,-0.894853364983175
p214-010-62465-ml.png,6306672.0,0.3029211590767464,0.1339381720786471,0.047058823529411764,0.17254901960784313,0.30196078431372547,0.41568627450980394,0.792156862745098,0.19732654457238252,-1.1160250748456078
p214-010-62465-mr.png,5116400.0,0.2861524839002914,0.1255283345599911,0.043137254901960784,0.16470588235294117,0.28627450980392155,0.38823529411764707,0.8392156862745098,0.22221667037504872,-1.0399960582328514
