,contrast_cluster_1,dissimilarity_cluster_1,homogeneity_cluster_1,energy_cluster_1,contrast_cluster_2,dissimilarity_cluster_2,homogeneity_cluster_2,energy_cluster_2,contrast_cluster_3,dissimilarity_cluster_3,homogeneity_cluster_3,energy_cluster_3,contrast_cluster_4,dissimilarity_cluster_4,homogeneity_cluster_4,energy_cluster_4
p214-010-60001-cl.png,293153514.5,7003850.25,8130257.674941973,51371.507991310194,826016564.75,12106920.25,8178692.7905135015,51247.27800798972,1189668996.25,10889315.75,8309986.114009276,46728.45396331066,776793320.5,5886436.25,8380532.207001733,43973.709887430436
p214-010-60001-cr.png,185629518.75,4623518.75,8241054.817175851,52008.00238310067,641245252.25,9141035.75,8250194.492364958,57204.728898630856,1151640120.75,10339648.5,8311361.858274256,48833.49986532732,775163315.25,5625592.5,8402698.450330032,47068.058470073265
p214-010-60001-ml.png,222507528.75,5867047.5,8121710.629885816,53939.60637740731,893830705.25,12497527.25,8178878.867446593,60888.44891752773,1785640862.5,16247420.5,8210113.855566433,39805.116295133324,1237096906.25,9180578.5,8338267.205283621,40480.385534948524
p214-010-60001-mr.png,228092773.0,5802305.25,8143748.833719268,56363.71237801319,1047521868.25,13875836.25,8165493.907819525,53059.07253552534,1850879006.0,16737395.5,8209670.079957254,47579.096740876674,1073341216.0,7801042.0,8371460.064431722,57173.61206312844
p214-010-60005-cl.png,156387443.0,4584042.25,8163100.805694603,37606.734376088934,672012081.0,9797939.5,8198951.000701916,36979.94957206483,1548207943.0,13951816.5,8220116.309020522,32055.018329912637,1131707611.75,8562726.25,8306607.852877398,55253.097522865806
p214-010-60005-cr.png,217471118.75,5225544.25,8208809.697030949,57194.5984827523,954193951.5,12125326.5,8189065.555479733,51952.34882030691,1835399877.75,15412964.0,8216854.8459152,46210.279955508566,1154195606.25,8025090.75,8324013.433283844,41853.41570775001
p214-010-60005-ml.png,256744852.75,6798050.25,8083702.718025362,55896.85620998006,1083102993.75,15234231.25,8092656.264562308,46564.45464363549,2009147287.75,18503091.0,8169850.928517647,57194.042392337986,1267037119.5,9459039.0,8332144.803162112,35674.16869084783
p214-010-60005-mr.png,218506961.0,6194055.0,8074662.056537608,45317.20047089574,790882285.0,11717229.75,8184281.595358333,51415.332879831265,1530200291.75,14412494.0,8241553.010444654,45167.00277778789,1075521556.5,8334943.0,8344835.739218734,49279.944998402694
p214-010-60008-cl.png,688590974.0,20742184.5,12199259.596377302,99836.24616203713,3128721737.0,51636011.0,12144107.71325406,113535.4687979494,7495951208.5,81769165.5,12088463.165665522,115502.64867668123,6054873174.25,54117511.25,12691538.272840306,80730.64575498349
p214-010-60008-cr.png,697693864.75,19828992.5,12378996.398782607,91213.81640758128,3077183167.0,50570301.0,12239188.598432653,112605.32265201762,6804467037.5,77134454.0,12110670.41597757,114004.12254245966,5266038398.25,48118888.75,12834152.477701232,78406.91141489975
p214-010-60008-ml.png,603136124.5,19599147.25,11880951.691021418,124760.73841766124,2141602651.25,37452308.25,12389107.070958786,96854.31835674257,5088481265.75,57136382.5,12402558.51731529,89728.993485507,4252868816.5,39590214.5,12862125.908144265,80823.92177701545
p214-010-60008-mr.png,497977091.0,15484772.25,12474190.366501793,94349.5365544632,2606986058.75,44717373.25,12227677.792793658,100842.50537473627,6478903062.75,73472436.0,12158005.169361304,109813.81984412114,5145565283.75,47347976.25,12777928.157510187,84245.7118592576
p214-010-60012-cl.png,1065328468.25,26244052.5,12436847.648596287,116118.29340340543,3607054644.0,60374917.25,12050568.75193027,143456.21577955922,4640404880.75,56825459.5,12504359.989196977,98832.41331887577,2267561845.0,21642926.5,13254632.978051748,49110.1323102555
p214-010-60012-cr.png,657532872.75,15767484.75,12882911.561870089,76734.46480288042,2591303516.25,39990763.0,12576441.590430833,77918.0229016626,3830338384.75,42036514.75,12804436.933873173,71495.48529286789,2000569621.5,17065079.75,13328116.2629988,48442.57377827393
p214-010-60012-ml.png,785525509.75,18469611.75,12682156.21826199,78207.17829711974,3938825405.25,57350440.0,12146589.097255446,104293.23393500227,6430772688.0,66819424.75,12419128.420785837,86773.27861601644,3368725760.0,27741591.25,13182104.508575242,62387.743766839645
p214-010-60012-mr.png,571005905.25,13970210.25,12792130.90057871,74629.78319023279,2822008657.0,39514184.0,12632596.66541031,82702.87649022574,4908211111.75,48597965.0,12760101.581025021,67220.14918364507,2783490580.0,22000431.75,13269514.95515864,45843.69878425306
p214-010-60013-cl.png,656757767.5,20180925.75,12187095.070314202,98463.58638971389,3617771921.0,59502225.75,11669471.531116007,110000.39690904578,5819564182.25,61623134.0,12394451.413191037,87437.75893181759,2707386970.0,21835230.5,13153325.401279118,51251.974203972146
p214-010-60013-cr.png,859471616.5,27324527.75,11703297.34440913,137389.56077346025,2824162977.0,51202842.5,11815000.226379637,111857.87567003346,3911108487.5,40568754.5,12801805.14275955,58373.9095648742,2217637759.5,18157367.0,13153303.706497796,48661.91517604154
p214-010-60013-ml.png,709633243.25,20819525.5,12201917.29239688,103207.58727704867,4002728549.25,64190937.0,11762970.381327495,123640.37980008512,7341834722.0,80890208.0,12023481.879122404,113897.23040668853,4137211849.5,35535262.25,12986878.736182569,60014.61743830961
p214-010-60013-mr.png,911720389.5,26129173.75,11787966.504620718,116738.85605274428,3556075329.75,54352530.0,12083433.190839197,108971.08694633632,6199642538.25,61787475.5,12447896.92866108,89170.92226733008,3902954250.25,31076756.75,13044550.683689125,63220.89534894796
p214-010-60020-cl.png,852097029.5,23028386.25,12108763.374531917,127691.70695779442,4986734811.0,82357078.5,11094299.320733933,197646.59828680294,8828777305.0,108791051.25,11215763.792008117,196256.98622026452,4852246749.0,48836537.0,12712021.911207626,100437.03435323859
p214-010-60020-cr.png,796286035.0,21454182.25,12226908.038948908,107474.02585480569,5988632819.5,95892635.5,10951354.70033164,228690.52850661383,10726206097.75,132374111.5,10798264.329559274,234848.10071818496,5491588159.5,54677186.5,12684883.69913306,110245.41307680644
p214-010-60020-ml.png,751580682.25,17510756.25,12377217.709215403,112699.65444747219,4589803274.5,67649007.75,11920325.932609284,190515.141758763,9514812002.25,115360098.75,10991387.135706369,231736.2460946896,6080826012.75,63751043.25,12359131.266149126,151031.91590549162
p214-010-60020-mr.png,747495686.5,17835223.25,12325253.427705076,114013.25630223464,5338894764.75,79340012.5,11425525.09291604,215335.5504191015,8707505184.75,106003420.0,11140876.309585257,215217.43758886802,3943648085.0,40037271.75,12833947.730043685,91979.57140933455
p214-010-60026-cl.png,201874803.25,5212019.25,8187782.570802393,58854.58954234917,550897221.75,9876767.75,8087840.758632608,52902.88525115502,902271325.0,8893739.5,8300511.477260709,57416.310013991504,655937183.5,5630119.5,8330299.7909741625,41259.55318955956
p214-010-60026-cr.png,117886172.25,3490831.0,8195721.647149561,52033.157400317505,380989969.0,6102806.25,8282206.739553028,45072.879718910335,939962324.25,8743758.5,8321728.935629362,32247.289473407098,772353621.0,6496766.5,8322087.394747136,47104.59136858007
p214-010-60026-ml.png,346845040.75,9039614.5,7896514.5322623905,62024.444085853494,1045595849.5,16193056.75,8016827.349914562,58143.91282780903,1572444695.75,15360100.75,8183130.31042909,51100.18092146926,991067885.0,7853272.0,8324111.0294670155,56522.95991986888
p214-010-60026-mr.png,292355221.75,6825442.0,8043197.113721739,52726.60129230005,872375577.25,11639240.25,8182916.995277602,37133.58616007339,1710292898.0,14340418.25,8239195.450033081,50580.79691279083,1283848243.0,9280702.5,8305503.2196806725,42657.5605675302
p214-010-60029-cl.png,191224810.75,5417548.5,8060574.967069131,47374.4205744932,914886927.75,14007030.0,8014929.986079472,55844.264964982256,1925606787.75,18679431.25,8091851.490616335,40864.41060921105,1302178817.75,10276585.75,8278074.8994275015,56917.11723401267
p214-010-60029-cr.png,101434761.0,3277961.25,8165330.131610036,46393.76471073061,407028178.25,6760838.25,8233333.436785145,45442.50009120362,1024214238.25,10055854.75,8257019.132371439,33283.80565508089,802643612.75,6620358.25,8336870.0991238,32538.858019813004
p214-010-60029-ml.png,281759923.0,7674381.5,7886979.331489125,58558.55918270764,1125162894.0,17141368.75,7930621.199545487,54863.103277984206,2021933363.75,19753378.75,8070652.42005506,58854.88188397629,1268445041.0,9918511.75,8287780.053021906,45561.85804384991
p214-010-60029-mr.png,199946676.0,5755443.25,7953136.70226096,68255.27644068864,879717021.5,12880591.5,8052288.281006326,61718.54948948221,1723809506.5,15850862.75,8169973.134046907,46526.69640860405,1117335685.5,8557616.5,8301552.9136931235,35399.41249907724
p214-010-60045-cl.png,1282367607.0,30088488.25,12247404.921747502,121495.96441661331,4389267187.25,70388590.5,11423825.479488954,134732.7702722809,4738108053.25,51379272.75,12607265.868253952,83849.6771161595,1603576756.5,12789610.0,13375471.490225323,25101.93566159367
p214-010-60045-cr.png,1323322828.75,30648713.75,12096058.595828023,122943.21463419919,4378041517.75,67780901.5,11595031.343747228,133838.18658894836,5170256380.75,54996857.0,12533315.060944917,91446.83427247043,2251265795.25,18912861.75,13226254.961155567,51573.252058251
p214-010-60045-ml.png,1287032798.75,27998318.0,12225246.682669649,125630.9043340823,3718589636.0,57987269.25,11983419.118238755,142812.40918572454,3858377034.25,45447793.25,12626252.735653147,86173.32685708649,1531923391.0,14372802.0,13341010.737218663,50323.608106362
p214-010-60045-mr.png,1484928840.75,31789552.5,12015285.579412345,121615.94279278241,4768749887.75,68372733.75,11779599.794978164,131827.90622973896,5479351268.0,57108930.5,12484375.840829993,96175.85540387697,2291661241.5,19135525.0,13234380.00586906,44662.4426956204
p214-010-60046-cl.png,194339869.75,5245084.25,8064378.774276095,48643.959276660564,1008528662.75,13258095.5,8092203.926965747,54645.16919582452,2088542492.25,18738648.5,8085276.562276459,59204.45285175353,1347803838.25,10780505.0,8156508.095104913,49419.46626246795
p214-010-60046-cr.png,163364913.5,4618188.25,8125765.932283865,51015.9323502468,824583969.25,12201076.5,8106569.58271128,57790.90253301713,2171133790.75,21704887.25,8034512.2153302245,47733.06009142705,1677279061.5,14703369.5,8151701.880848203,50490.36415390067
p214-010-60046-ml.png,169075022.5,4726110.0,8037633.922451673,59758.319710103286,644903098.5,9782425.25,8147462.268216842,40890.02445312812,1544667242.25,15811637.25,8118387.4021182535,53680.83480978482,1173167980.75,10439389.5,8252216.123333348,54739.22192448714
p214-010-60046-mr.png,143303128.25,4251527.0,8132072.29348713,49300.01470123658,724165566.25,11359586.25,8100901.630460711,58790.32934912211,1809631006.75,18924071.25,8079108.910550858,47782.45540657523,1362176398.75,12574298.25,8171457.353317317,44738.360142541
p214-010-60054-cl.png,272983546.5,6557569.25,8036526.497113621,47897.46348738387,876559501.25,13683341.0,7997901.798789899,60405.50559438593,1258768505.75,13570523.25,8146551.800825963,34878.97090008699,699244961.25,6119122.5,8355448.830419641,52857.013624719795
p214-010-60054-cr.png,180863790.5,4883617.0,8092627.136351274,50862.06152186784,575759315.25,9508136.25,8142725.456174034,47250.117580127306,1068119363.0,11720811.0,8184254.179357712,48558.68753485901,740571172.5,6755256.5,8335198.50506212,44999.6532322429
p214-010-60054-ml.png,400485665.75,9022280.0,7860128.195277847,65657.34374769831,1072168778.75,15771801.75,7993066.30669833,60680.78735009772,1314640677.0,13526749.0,8185554.188647627,42612.66151798299,702769859.75,5943196.75,8366956.653757538,45537.780023167536
p214-010-60054-mr.png,301519197.25,7166939.0,7958155.196819525,57995.63659483661,814415514.5,12248761.0,8100655.901924155,47100.69443370779,1113785501.25,11508799.25,8209867.872619111,40801.55236041562,657039653.75,5648579.75,8352025.0041873325,54800.84731167635
p214-010-60056-cl.png,389202180.5,10662924.5,7822889.949724773,61459.773503417935,1613376901.75,24728268.25,7764183.759252575,59391.557991028094,2857894991.5,28255066.0,7954015.762935363,53319.1228928725,1763574753.25,13880641.75,8238669.973382015,50479.61765188638
p214-010-60056-cr.png,268339990.5,8333650.5,7946131.716683471,69689.60186699791,1357970992.0,23856561.75,7704805.065995951,67201.36273053163,2465309440.5,28397531.5,7898372.452965271,68552.47348813676,1449849079.5,13041209.5,8248863.434398636,45659.03891108895
p214-010-60056-ml.png,388486437.25,11460706.0,7684522.99314942,67925.83012880388,1509721116.75,23887644.0,7794542.454503292,66466.24633772188,2532141316.75,25582172.0,7992754.434430628,52765.458327484914,1521929373.75,12057528.5,8266947.662993982,40903.756613044374
p214-010-60056-mr.png,448471521.0,13310409.0,7596581.0293048,79030.76950343611,1645627138.0,27505176.75,7665513.122407085,63359.509306379594,2314303594.25,25047622.0,7997574.69067587,56480.621761486866,1174092112.25,9745019.25,8313081.374596532,37675.1881839195
p214-010-60060-cl.png,105338600.5,3206813.75,8265275.614934921,53159.005453189675,525131793.25,7103057.5,8318498.542237342,46741.9281480857,1487951161.25,12917759.75,8286110.38395635,59598.75942181716,1203289375.5,8934664.0,8345535.487675291,53098.92813226428
p214-010-60060-cr.png,85156179.75,2871999.0,8249655.051589051,30876.15258821893,432373584.75,5864022.5,8346985.90551183,43789.295892643524,1435500344.5,11965796.5,8279140.252843892,38123.72544324386,1229707746.5,8596057.25,8343914.511865351,44941.85443201727
p214-010-60060-ml.png,139517385.25,3260677.0,8317739.05478443,52104.35805846153,577473655.75,7455550.75,8307231.114906574,51232.1492610356,1572587034.5,12862298.5,8285375.85580438,53594.11162417253,1275674356.5,9003647.25,8339590.499190465,45978.416091263476
p214-010-60060-mr.png,79266401.75,2156635.75,8377526.949236328,43120.557575656945,497910942.0,7111891.75,8304018.860765366,53853.73197263968,1203813744.25,11237236.25,8305509.172550606,41702.75403038791,862363648.25,6738994.0,8376521.686654391,44822.50410325722
p214-010-60062-cl.png,141505895.0,4460143.25,13082518.627886087,72121.80434945058,832394852.0,12218621.0,13160850.427280342,58392.37441229672,1906985487.25,19805884.75,13080340.803902984,63893.456083459925,1279739464.75,10988170.25,13360922.752702229,42419.78658345613
p214-010-60062-cr.png,166279000.5,4754515.25,13222387.523016378,59672.537444348796,1084098702.5,16486792.25,13040629.019583551,59473.014946994255,2208071467.0,24148287.5,12986285.378689684,58861.91566467657,1327715378.75,11761349.0,13338526.485053364,53668.02207231843
p214-010-60062-ml.png,200505800.75,4698984.5,13229476.42112409,58847.17464224536,817009312.0,11695062.25,13186030.076829605,47346.42612322676,1622666898.5,16399107.0,13201656.69880636,39847.25718584126,1072382547.5,9468784.5,13353902.778153587,35128.99152721609
p214-010-60062-mr.png,216384725.75,5161318.25,13159115.873987816,68935.60348743068,850673402.75,12053635.5,13170027.054687046,55395.75713426192,1890288270.75,18931349.75,13101859.23876531,61251.84413620065,1351375477.0,11870867.25,13286783.845800491,45791.159102738275
p214-010-60066-cl.png,187391048.75,5883837.25,8033704.454325172,54249.29748859981,1152104034.0,17661042.75,7960443.09830271,59022.68086849411,2374820621.75,24741300.75,8003723.0161215495,52085.75028251641,1477138695.25,12466157.75,8262787.320797978,49002.268441843014
p214-010-60066-cr.png,238865607.5,7440662.5,7890463.00824284,69227.32273192379,1297675957.25,19825514.5,7895000.377640187,55618.18845171221,2461174449.75,25560105.0,7958148.614312921,58627.086604820666,1439930641.0,11971886.5,8248780.223195463,54159.1482642207
p214-010-60066-ml.png,371927840.75,8193213.5,7965924.090470058,51773.66732166465,1534609649.25,20250843.75,7954023.139109978,57739.07929661547,2452841937.75,23726951.0,8016976.089351393,63289.51990235826,1333414230.25,10594670.0,8305812.4932248145,49520.93488126162
p214-010-60066-mr.png,346199380.25,9185542.5,7802308.8272250835,66597.8246362922,1505611548.75,21396280.0,7872921.996902569,62099.6833497989,2806679138.75,27110424.0,7938315.736611782,60597.26827416364,1755065142.75,13648416.25,8251386.134137161,49751.99104093855
p214-010-60070-cl.png,243899060.0,6500568.25,8076178.6843065955,44651.08887173842,1024428612.5,14701992.25,8063105.611876281,48579.64491314731,1732059379.5,16307901.75,8184976.355483332,42572.55580104457,987292484.25,7533885.25,8343529.384723319,40832.515541921195
p214-010-60070-cr.png,113628946.5,3604145.75,8166662.459914894,54774.15202194473,555254740.25,8187125.5,8221893.646913259,50199.48227408108,1317560697.0,12123887.0,8242422.410215067,55578.20245601875,946487223.5,7295762.25,8332069.682691763,51015.39227755877
p214-010-60070-ml.png,244601413.75,6431275.0,8070409.670296027,49612.49147347972,1309473519.25,18874213.75,7949271.233299153,57594.254734184935,2463773897.0,24307627.5,7997362.880484042,57824.54596187084,1440655989.5,11343870.25,8275045.464811462,33908.78207520154
p214-010-60070-mr.png,136866943.75,4207605.0,8090077.15565893,51935.009080366406,919138082.5,12675766.0,8113825.06237011,53739.91689101648,2018001241.5,19208742.5,8101292.8929508785,63371.6398669286,1289203245.5,10283476.0,8274670.677819408,57933.453252728956
p214-010-60074-cl.png,489275672.0,14585570.75,12615251.721099354,74601.02224170505,5357910928.75,81476716.25,11656863.574823724,172260.44857460627,11444387845.25,131015120.75,11281867.906668082,201283.88627083923,7110022238.75,65903494.5,12668045.22071507,107538.3208449085
p214-010-60074-cr.png,426115864.75,12717680.25,12731313.89532127,72100.65364595191,4235763012.25,65493575.25,11943161.206742264,141433.06179734427,9332647145.75,106672401.0,11591946.58063512,155116.01771173358,5884496253.5,53448005.75,12830120.77174688,84776.20116336414
p214-010-60074-ml.png,598203307.0,19569137.75,12017869.27873682,120077.06870044585,3997367475.0,66893303.25,11783256.541631501,152894.14863022632,8148950791.25,99141277.75,11652712.391865548,159570.61046715535,5184537093.5,50113835.25,12852090.936407631,89225.91511339147
p214-010-60074-mr.png,573538880.25,16546256.0,12346064.805651082,90075.86246131458,3633173889.5,53251024.25,12355036.265827026,109478.91118114667,9274741332.25,99949969.75,11769434.155138806,140274.55228606908,7185585082.5,63729761.75,12625551.94261416,106574.87794982249
p214-010-60080-cl.png,241570365.75,8177717.0,12918448.479850091,63707.61103164981,2383168182.0,38318348.5,12503311.465635361,92691.6511204657,6040404020.5,68402271.75,12226259.598659359,99874.34183265266,4265547600.0,38410713.25,12976664.051421743,72256.3380312681
p214-010-60080-cr.png,360386028.0,11629904.25,12795619.166927189,73877.9681466025,2640320195.5,44423840.25,12172744.016030746,87632.4281418181,3717347621.25,44531682.25,12605842.41562335,78448.01079977774,895495987.0,7665817.5,13436753.948775897,49694.378164284804
p214-010-60080-ml.png,320126350.25,9874853.25,12571527.681379342,84458.69122718813,2578047050.0,34702354.25,12692732.013640404,81029.0237264111,5665775339.75,56946345.75,12481101.75345918,83065.80102074554,3551791186.0,29393774.25,13123970.744358243,63404.76070132888
p214-010-60080-mr.png,336556957.5,9640008.0,12764164.781932734,72541.4437257706,2363064409.25,33929817.0,12614042.784844737,85309.56922485214,6331809223.75,63798032.5,12353236.130046448,85905.56910278654,4790745049.25,40138197.25,12916640.186915424,68145.10657454496
p214-010-60083-cl.png,260886607.5,7353280.75,8018792.849850405,52838.54406632602,997239078.75,15513847.5,8018528.33776943,56318.12944206097,2065042754.25,19909394.5,8081904.264676657,56040.46674841934,1484833877.5,11647759.75,8250546.304895616,42520.149799762636
p214-010-60083-cr.png,193163856.5,5702565.75,8075091.881673982,43688.725645146376,747223412.0,11600034.75,8128620.483937426,58367.25125033925,1630601928.75,15643587.5,8181010.984662946,52254.33365145519,1199045279.25,9709236.0,8279579.110061765,49929.17723358314
p214-010-60083-ml.png,184219778.25,5556906.75,8018252.821995668,51363.68782989876,779766254.5,12017443.5,8096805.957159432,54364.44230828606,1723779755.75,16651073.25,8140976.579779229,40122.65458864125,1235366478.25,9892191.25,8280623.412918793,33416.441017486424
p214-010-60083-mr.png,207019714.75,5976130.0,8020367.934040562,53067.70966173045,878231744.25,12288825.75,8142111.664368246,46308.610331450116,1682303149.25,15039220.75,8214304.938988262,33791.09809118562,1075120974.75,7956342.0,8331252.201803968,31951.672791048677
p214-010-60086-cl.png,102401461.75,2983458.25,8223409.630743302,39389.67601107808,597698906.25,9988707.5,8075747.939727273,53306.77396859336,1447261760.0,16975786.5,8030288.323778156,47764.108267867196,1034576096.0,10404217.5,8226449.913059297,44355.94229316844
p214-010-60086-cr.png,149694501.5,4123956.5,8095560.246054199,55843.51400413283,669213577.25,10630139.5,8057929.944160636,63157.67072560142,1661218433.0,18097818.0,8003035.1651145285,52113.66905320345,1246632495.25,11940744.5,8160759.556057278,46114.030501970934
p214-010-60086-ml.png,225474027.25,4971093.5,8128824.97371115,62982.20365163272,843143341.0,12472307.5,8052113.012376007,53102.58277363278,1882513234.0,20345221.5,8001428.627451373,63192.81917483781,1386560811.0,13363556.75,8165175.458899834,49917.997090991325
p214-010-60086-mr.png,241632729.25,5120791.0,8137883.417918835,44338.01918053337,967839258.0,13580844.25,8056546.406421642,56542.25168535928,1925943774.0,20399504.0,7965486.458569652,53210.14678163758,1282449888.0,11718325.0,8220142.222407062,41875.414445591
p214-010-60088-cl.png,283374542.5,9299973.75,7825872.761772509,56788.66078809317,1817730934.25,31188807.75,7530276.536478709,74804.77759721348,3442854743.75,40742102.5,7592897.375789666,65642.32491889592,1890747889.75,16983023.0,8187182.438442897,50831.53605941981
p214-010-60088-cr.png,346661077.25,10161614.75,7802688.041151515,64904.322801373266,2237833247.5,34685440.5,7460256.649491839,80049.86860255885,3811408114.5,41492750.5,7663340.001127776,69956.92245182772,1804088605.75,15204706.25,8236409.076000012,46413.93146167313
p214-010-60088-ml.png,566295988.0,14588751.0,7594671.110372966,66853.5581031394,2209447505.75,34361665.5,7532422.246141424,79238.47484264575,3055703522.75,33593368.25,7832923.578892713,64236.36647745031,1435107605.0,12394331.25,8274662.139512085,44584.64486908223
p214-010-60088-mr.png,467800590.5,12609827.75,7591888.556373678,82438.20919563257,1812158007.5,29538255.25,7461257.523850508,79066.20622308775,2171566347.0,23983840.0,7955264.977711783,52295.567978616506,765376172.25,6277359.5,8361608.841623378,46396.2777614363
p214-010-60093-cl.png,169218319.0,4540921.75,8075908.634408891,72228.77175252151,763861536.0,12197673.75,8080789.015048573,62850.995975023885,1634072616.25,19461601.5,8004092.506240306,57027.18411467022,1139409331.75,11956120.75,8176345.0912094265,48726.47653534062
p214-010-60093-cr.png,132967944.5,3526351.0,8117572.922498106,68385.09207698933,575773567.5,8737614.5,8176546.645419742,53083.50264956507,1319105675.0,14838935.25,8130191.929103263,63263.639099533924,951147478.25,9405895.75,8285424.044147179,51990.411639167345
p214-010-60093-ml.png,329326466.0,8044515.0,7779753.603128824,79790.65765995726,1002591278.25,15664400.5,7926083.610895764,56100.46678273562,1618322106.75,18099326.5,8015634.885672045,59491.266096937936,1036774769.0,9999948.25,8226198.137004214,33672.577018041804
p214-010-60093-mr.png,258065818.75,6537310.25,7799839.037119173,87691.68531184104,764454298.0,11656322.75,8037752.328338187,47817.18454169132,1163754145.5,12384984.0,8168624.729483733,46210.95202469893,707801951.0,6583677.5,8294948.468298666,37874.237982946914
p214-010-60097-cl.png,298498973.5,8792444.75,7926212.379898123,61795.474909956465,1287159943.25,22378009.75,7816714.846770495,65916.33730979338,2014786398.75,24627390.75,7948350.623372111,67270.90048333054,1065329602.5,9994837.75,8320837.240682028,40185.41837077014
p214-010-60097-cr.png,186534785.25,6824272.0,7915979.201136501,71721.42894033979,760385973.0,14723341.75,7964890.703163247,67871.17698190357,1452107515.75,17526928.25,8092523.563283214,41265.366746079846,982993462.25,9361798.75,8295853.025269341,52387.186450037654
p214-010-60097-ml.png,401580821.5,10822588.5,7894843.112928091,60311.50104038809,1500184060.25,25687741.75,7745353.041947253,68617.69178531837,2226944107.5,26575712.25,7944945.291950338,58819.92033768649,1234464487.5,11617777.75,8285861.763975095,48467.65819139262
p214-010-60097-mr.png,389407113.5,10218660.75,7897537.231273755,62408.82641169393,1497635191.0,23439991.0,7823125.938272424,61177.1649658639,2312725230.0,24548119.75,7998683.418336383,43293.93871811042,1284660790.0,10726544.0,8295516.245668535,55427.915575963954
p214-010-60100-cl.png,363557164.25,9159525.25,7830717.318825562,72759.78741607425,947627387.75,16839667.5,7762639.831730915,68474.18339804883,1345923715.0,14993898.0,8094202.3469150355,58120.614508311366,874449304.75,8369797.25,8233640.160451299,52904.274045548926
p214-010-60100-cr.png,212533554.25,6013951.75,7945512.070695949,72530.15149389731,814680997.75,14626844.25,7781136.392751239,54108.58203865155,1448021871.75,16570949.25,8055011.133752575,62682.48380634269,928523513.25,9002901.5,8241145.711560647,34625.751599987
p214-010-60100-ml.png,224168744.75,6776582.25,7666647.308765339,82875.3812593859,819370432.75,11961634.75,8102605.151274905,62012.24760151616,1612029702.5,16578567.25,8107273.123793706,47473.31643791092,1096812765.0,9803254.25,8252190.749258202,52829.41346797597
p214-010-60100-mr.png,282579430.25,7651439.75,7728092.272731245,77123.78731443375,1007397499.75,15039139.25,7967868.49554313,53276.0536854589,1432078138.0,15172013.25,8126838.222712059,51019.67145351639,728527326.0,6443063.75,8330478.718870112,45215.96409687486
p214-010-60105-cl.png,446967074.0,10644379.25,12790274.35521967,81697.47225482482,2206545096.0,32578675.5,12615291.168565467,95250.69407536885,3306027593.5,39300173.75,12524332.61993535,88471.48117883992,1497463644.75,14226026.75,13336850.214496033,33954.79695597228
p214-010-60105-cr.png,524032749.0,14059601.25,12631074.97373184,92921.07276225506,2037051839.25,33731776.75,12563484.208304184,96722.45785947808,3914577226.5,45876471.75,12592266.543852147,90026.74885722325,2712213066.25,26365001.0,13081199.408771358,52761.70514682373
p214-010-60105-ml.png,1077593225.75,19947850.0,12490138.322721532,91455.599431875,5019565249.75,60833254.25,12256827.158266611,123981.05418250596,7621151976.5,76265201.5,12037437.597195448,129601.93975688057,3689016925.0,30818046.75,13151498.007391112,73429.44147329465
p214-010-60105-mr.png,769412134.0,15025908.75,12658845.458008457,92128.46457745292,2626865112.75,35744936.0,12601810.99168484,94223.8057448138,5471101888.75,57241426.0,12430923.145505758,106431.71724047112,4030777721.25,37413960.75,12866014.330440896,83922.10054508148
p214-010-60106-cl.png,248667085.0,8498042.0,7774540.1743986495,76291.27862688672,1269136118.75,22591691.75,7667740.336620898,69688.1411286784,2136262229.75,25324288.75,7875567.835216422,66491.92971860393,1121533248.5,9959214.75,8294128.068971358,60065.165279170236
p214-010-60106-cr.png,227690880.75,8154367.5,7780587.9934483515,63048.0796484658,1066055549.25,19345369.25,7793200.341189097,67710.62548504166,1888218794.0,21402279.0,8000142.503161402,51328.60789663076,1086035521.0,9036707.5,8326460.9108734485,54785.28945027956
p214-010-60106-ml.png,299450857.5,9689913.25,7619751.867146825,64014.71575145103,1043381883.75,17944589.25,7924790.646681917,54195.535558939446,1675011715.25,19371098.5,8038426.136351664,53706.106211196544,1009399933.25,8922984.5,8336565.903288872,40605.348110313804
p214-010-60106-mr.png,338091017.5,10316913.75,7687671.909426637,69595.39244095725,1182740612.0,20551875.5,7859569.928531907,63011.94950986843,1668276237.75,19943267.75,8047895.864024159,54639.193965503044,871959092.75,7901990.25,8362596.975397562,41763.4704500425
p214-010-60109-cl.png,294792261.75,7895626.25,8048848.455607956,62801.527575128275,1982235111.25,32517519.25,7571659.070952915,86751.39202823665,4325153267.75,51706375.0,7502007.0512579605,95628.10743010149,2948714540.5,29079507.0,8000531.463094233,63716.28285412517
p214-010-60109-cr.png,303460767.25,8020853.75,8051081.464394495,48000.476586739445,1871911477.75,30927777.0,7601471.038554993,76157.96121888197,3535164696.5,42760851.25,7661062.6193600055,84081.79467883744,2110454824.5,20908019.5,8140070.42933808,53156.824036958
p214-010-60109-ml.png,330539783.75,10157855.75,7636397.051847683,75421.62225668436,1795583920.0,28502713.75,7726341.214630179,84621.28301572148,4196814530.5,48135983.25,7519008.471244698,77523.56395955928,3112891715.25,29612670.75,7951833.268603461,73698.68926433401
p214-010-60109-mr.png,355029285.0,10438894.5,7646268.174955588,72290.59609056066,1977052293.5,31105711.0,7610211.766826782,71510.11009922058,4033890610.75,45652417.5,7591198.505917789,86081.57558506045,2645297716.0,24667881.75,8055915.119856145,64554.196627190715
p214-010-60112-cl.png,140327124.75,3776401.0,8274162.490402053,60661.63058002459,608998958.0,8982124.5,8237447.404492804,57059.75475149389,1234579080.0,11670893.5,8289644.739519753,29146.787592473047,851036446.0,6838254.0,8351094.250902734,52358.92706164553
p214-010-60112-cr.png,153590588.5,4380968.75,8220325.157175513,44965.089212891966,591395256.25,9039580.75,8231387.715805892,48422.36296940563,1181952826.5,11128299.25,8292117.049634681,33354.90283718718,835357688.0,6460988.25,8374307.452995496,50248.60493555965
p214-010-60112-ml.png,248598135.5,5513233.0,8232960.886557125,55354.62805363895,970007995.25,12777068.75,8183184.677252612,48725.46476044376,1801337440.25,15960460.75,8228342.8455845015,50394.28003593093,1195849288.75,8866765.5,8342568.499402069,40924.378918737806
p214-010-60112-mr.png,221588337.0,5278749.0,8218837.2858803375,54707.55621095859,844380400.5,12195964.0,8163286.543439021,56794.67717671438,1259247744.5,12728663.75,8240421.810758688,39260.03990586802,661572834.5,5238028.0,8409216.618566372,47260.401001936785
p214-010-60117-cl.png,1029212555.25,28026699.75,11917095.904296475,125530.52032663119,5552178366.0,90186059.0,11378875.936908294,215074.44601796748,10612642225.0,132093234.25,11008343.708089147,236740.46998316082,7023179539.25,71985505.25,12465815.974302676,135745.05406302895
p214-010-60117-cr.png,977524676.0,26639271.5,11956994.158216743,128778.34966110032,5069967497.75,82454049.25,11521435.722930636,203786.85680357553,10554559209.75,130951156.5,10891857.310167942,228113.00410882724,7427577113.5,75875021.0,12363999.721296929,144305.19157495868
p214-010-60117-ml.png,982381097.5,27319975.25,11721141.890632348,141665.5940036908,3950284073.75,65521585.5,11728110.081425466,154143.60984547035,7165065894.75,85538892.25,11796542.153733417,137701.13421969497,4751574294.75,46237724.5,12800265.873436581,80620.91736122838
p214-010-60117-mr.png,1085670187.75,29519367.25,11487547.250149501,146213.73373418924,3382082442.25,54411033.0,12129311.51728338,136646.84437791957,7681062676.25,85590158.75,11907074.756523822,133027.53778742312,6568166187.0,62811604.0,12380170.229368761,106499.86283011452
p214-010-60120-cl.png,227216109.5,7041658.25,13048708.328359868,58313.57763214522,1951131006.0,31608853.25,12588583.838752713,80926.20601731357,4004576395.25,45378009.25,12668217.04416195,82907.91637084432,2313997295.0,21242272.75,13175351.719263839,51956.72996318716
p214-010-60120-cr.png,191178527.75,5916204.25,13119951.828497002,57264.577582812264,1879530232.5,31194037.5,12428202.284623558,79311.61193904962,3533072038.0,40170356.25,12733402.68856114,70461.6704467188,1780607350.25,16189757.75,13256981.822554655,36924.28512926611
p214-010-60120-ml.png,516778472.5,12955897.5,12637451.26017027,74252.58446972194,2930481427.25,40775739.5,12555916.786784321,93126.59903868934,4900133697.0,51810366.5,12581809.39870409,85460.11198671219,2430076340.5,21169757.0,13200550.03425048,53230.57363826406
p214-010-60120-mr.png,387026217.0,11421500.25,12520808.864871413,91217.7686358443,1946006633.25,29122355.25,12720675.168510448,78495.88822022731,3220854148.75,34426598.5,12848886.106189383,57903.074053326054,1646994926.75,14000417.25,13318339.225528128,53400.77095796037
p214-010-60125-cl.png,163212676.75,4619397.5,13225783.366234008,65860.38646950573,1462549534.5,22153972.5,12954408.07494185,67883.71303884214,2170352370.5,26269581.75,12969125.824623138,66551.39080781885,680905722.0,6420475.25,13479398.424985606,50098.81576532838
p214-010-60125-cr.png,164063735.5,4283650.25,13258052.144038184,35039.30957882533,1150961975.75,17018712.75,13107040.623930613,59511.1995105707,2248092989.25,25953919.25,13053253.478252478,60633.245655447245,1306071642.75,12920919.0,13362016.917361181,56244.8635579735
p214-010-60125-ml.png,417299891.5,8491224.25,13058174.643630534,60216.982353016785,1918312790.25,25790589.5,12941232.520907756,70949.60975139285,2513685084.5,27967052.5,12973620.631435858,63465.92550015813,930997706.5,8458909.75,13469520.044112956,57347.20627528605
p214-010-60125-mr.png,266245609.0,5884243.75,13161679.875638919,63965.939473106395,1339601320.25,18510719.5,13106964.503427483,66225.0779722296,2065204690.75,23263874.5,13056889.494108062,64391.411215921864,973288790.0,9185092.0,13425704.207426151,54993.571683653325
p214-010-60128-cl.png,337954369.0,9634640.25,7856448.986729958,63862.03899545068,1973832910.75,32433709.75,7512279.357361246,75047.7110618247,2490803916.0,30562783.0,7838899.336368201,67586.90052060115,561681277.25,5027373.25,8418506.257516298,40991.67478434699
p214-010-60128-cr.png,388432401.0,10328190.0,7908822.249271421,58476.65694992087,1640696390.0,28228921.25,7560432.058300152,78496.93922943348,1975201678.5,24398874.0,7925125.227050597,69189.60543699382,606321482.75,5276753.25,8410430.326046268,34563.13713543654
p214-010-60128-ml.png,433715605.5,11365632.0,7845287.206636377,76944.98446368311,1457330353.5,24896741.25,7779138.483574735,77676.9752225194,1829434999.0,22635712.0,7989509.09796036,47521.57417968817,836585368.25,7839933.0,8365129.682730104,51348.2580556944
p214-010-60128-mr.png,438875281.5,11500913.5,7832739.332482053,71076.59638805327,1334534351.25,23086107.0,7818775.901554003,80682.46359772971,1562871751.25,19232231.25,8084548.666267943,48870.091437452706,739111405.5,7047084.75,8375302.183190679,46865.085936083095
p214-010-60133-cl.png,788413802.5,20783119.25,12497105.273821577,105461.61021946507,4415008318.5,73622208.0,11324087.953177135,156711.24528500775,5819001703.0,70237437.5,12132514.778245721,128457.0703445295,1631429818.25,14250556.5,13368248.949594587,47713.226383995876
p214-010-60133-cr.png,753845354.25,18324340.0,12695278.859111466,81770.93682238512,3193271674.0,50873134.75,12081664.59687628,97533.18648848368,3790401514.0,42866698.0,12772060.970444499,76356.96764203337,1151441887.5,9799725.25,13438947.100358672,49237.13391558101
p214-010-60133-ml.png,1081402275.5,27083685.0,12208932.453344367,112116.86345518511,3910846495.0,63914187.25,11892625.39310484,145099.11194483956,5276180346.75,62572508.75,12352945.501765963,99672.3183263607,2588148439.5,23919731.75,13198042.722910132,63095.48109707904
p214-010-60133-mr.png,855173217.0,20276972.25,12598673.229555916,81824.49145970745,3083492533.75,47824093.25,12355320.236783203,99697.14880257916,3881976266.0,43701870.0,12762764.789648369,78014.68211484265,1679637674.75,14595543.0,13368870.143127257,41029.66084820326
p214-010-60136-cl.png,116716556.25,3384307.75,8239822.790546108,58633.539314187095,510151679.25,8054972.25,8233703.676346334,49698.58767658842,967351938.0,10289006.0,8259868.164308589,57494.86561685758,623536154.5,5491655.5,8366138.94994498,52834.82795213629
p214-010-60136-cr.png,155985195.5,4598914.5,8128875.748003577,39162.28872566628,646795185.75,10610684.75,8081201.2199956095,54404.06798377472,1147794324.0,12039601.25,8183601.030664761,43728.99722127282,697390199.0,5581931.25,8387916.803747898,55867.781071892445
p214-010-60136-ml.png,249124656.25,6433394.5,7986988.529071528,42440.74592267123,1015937105.0,13674798.5,8098574.24776246,46593.77110349422,1788606343.0,16407078.25,8144238.654909486,41125.38824758465,1063038230.75,7919386.0,8328334.531795485,41380.60739499339
p214-010-60136-mr.png,215419432.0,6165088.25,7916076.201730836,63357.629899488915,867349768.5,12739837.5,8045163.207029057,38263.226124859066,1648946076.25,15370268.5,8152253.079819627,32197.775415459975,1067327941.5,8302900.0,8294225.182938702,49940.175256109986
p214-010-60140-cl.png,463508325.75,15355058.0,12432919.097993247,93935.78292003709,2535353757.5,42879504.5,12347965.76466066,101014.82063305206,6885505691.75,77240404.0,12110803.442946836,112234.97299826343,5767678426.5,52077849.0,12788944.672783056,88536.61983946565
p214-010-60140-cr.png,423649976.5,14221463.75,12511421.499424977,89262.83853128509,1993689026.25,35926961.0,12460003.910911478,81989.36778166048,5547487672.75,63850497.0,12308893.423074152,97051.54862382487,4850171155.5,45406832.25,12802585.940832857,71744.51033023457
p214-010-60140-ml.png,588722008.0,16741681.75,12373931.227612393,83365.35555846142,3752416476.75,53737536.5,12260336.420249237,102166.6806344523,8828737740.75,91166214.0,11831683.927821962,117404.67667470567,6221102138.75,51065150.5,12891642.239939595,82372.84046332487
p214-010-60140-mr.png,529222167.25,17690693.75,12096130.284878649,109884.85267388058,2413290013.5,41709590.25,12382210.33698977,104323.64865058332,5849841912.75,68342595.75,12251372.890949355,100070.02881258422,4746334277.25,45421166.75,12810945.916416539,77141.36160667385
p214-010-60144-cl.png,483676054.5,15399543.25,12545722.242708798,87022.3595498886,3405465504.0,56022817.75,12080824.269818712,117616.81670034645,6734077646.75,78564424.25,12063445.141752385,113105.33473643576,3880869695.0,35302357.0,13027758.033336468,55429.0547951699
p214-010-60144-cr.png,587170925.75,18583551.25,12429414.90954137,96935.59768210906,4245874346.75,73330091.5,11469924.558057526,151667.34886392625,7734543436.25,92533770.5,11875662.64281324,147890.51480885007,4042018786.5,37489905.0,13025618.367425967,74676.79939986125
p214-010-60144-ml.png,605301805.5,16391631.75,12331914.242221536,92223.08942640884,3785100680.5,51785739.75,12348373.744465567,98787.93920148011,8911654445.25,90336138.25,11851302.602867842,118479.91350004822,6275641792.5,52827252.0,12722986.567469452,93634.32851050326
p214-010-60144-mr.png,514888329.0,17387380.75,12056529.24638463,118769.70461366759,2836903873.25,47277420.25,12241807.418636646,107700.02524033203,8772959038.75,99565688.0,11546650.304767093,141228.0781713146,7679693686.5,71237928.0,12406055.472589228,118446.01777474358
p214-010-60148-cl.png,324942992.0,9442012.5,7954378.3792540915,64227.320079579324,2345177257.0,39385882.5,7376696.348102934,90809.87672488537,4326793137.25,52548671.25,7416090.733732765,90264.78632977094,2256781501.0,21001620.75,8173971.73208767,53707.24116256415
p214-010-60148-cr.png,380204393.0,10798894.25,7862844.322315095,69018.40107780765,2288911258.75,37748884.0,7489931.036327647,96852.3600725866,4712573761.0,56336631.5,7409397.385846266,96318.52213679021,3118398193.5,30100684.5,8003780.892100849,68631.86592223604
p214-010-60148-ml.png,292349496.5,8862750.25,7824708.50553555,66057.89971603936,2433434287.5,37427522.0,7500266.452744796,87757.98380598568,4696073406.0,52913592.75,7476690.956953594,89489.52738702192,2491963404.0,21994641.0,8154823.564444921,48152.27504510331
p214-010-60148-mr.png,268667879.5,8639039.5,7833323.889969412,68500.5248812307,2438445099.5,39472359.25,7384655.147986846,100128.13657625872,4725450734.75,55474795.25,7360392.704999038,92736.6194083108,2440741930.75,21755844.75,8172494.32726344,54054.84525653939
p214-010-60153-cl.png,227764296.0,7186302.25,7806843.318208866,63932.625137130686,629151240.75,10978231.75,8064950.722142114,63268.64591408084,1078077718.25,10760130.25,8234869.530145192,50556.045341476056,787940752.25,6538176.75,8321051.449533853,54766.88183497566
p214-010-60153-cr.png,155716781.5,5060072.5,8000068.625180054,66487.88074907164,559765281.5,9395354.75,8162346.517532647,47982.956971933236,1075158007.75,11365635.5,8219802.808379414,58380.831081784665,743732695.5,6361367.5,8348675.490460755,56282.96061156466
p214-010-60153-ml.png,375066163.5,9230667.75,7801906.539643578,70036.74560831729,1121627418.5,16452885.0,7968218.454096329,69334.38157888409,1544945453.75,15209794.0,8133836.752881643,54728.53038681408,870802162.25,6715774.75,8360037.716331912,52676.344057295646
p214-010-60153-mr.png,302731685.75,7422097.5,7936143.921110206,52163.23005093304,886969689.75,13345818.75,8054073.702276967,50280.70841310997,1387957855.0,13811432.0,8175869.8286146065,51276.61680378446,886579590.5,7309714.75,8331174.593261967,37092.23374586669
p214-010-60157-cl.png,476352485.0,12827333.5,12906017.759328175,81658.66954530177,2318788736.75,40676764.0,12453446.004758148,111990.6652780028,4553301490.5,59499634.25,12343925.724830968,111283.99767415534,3136960920.0,33635318.75,13018006.348883422,82242.07658488551
p214-010-60157-cr.png,458899997.5,12333562.0,12955819.513319386,81208.82205056537,2115269223.0,38378840.0,12451098.723684128,117855.1570013185,4553105565.5,60610459.75,12282080.550262257,117213.98219314787,3433415803.25,38205555.0,12851184.239291832,84248.78753404331
p214-010-60157-ml.png,1101312453.0,25862704.25,12381681.814504877,115147.18793206118,3892511119.25,63492159.0,11860688.5775671,152048.0555654404,4415024439.75,54296659.25,12492598.717252363,110293.74750389258,1567991794.0,14899013.75,13375956.64755268,46786.92738023378
p214-010-60157-mr.png,885197300.75,21058378.5,12558810.894411236,102759.1069302249,3760399296.25,60211336.75,12047584.681956396,148913.87082869752,5743016574.75,70408853.25,12192241.283956615,131536.5134214948,3093520507.75,31020303.0,13094305.58740239,65248.51248320988
p214-010-60161-cl.png,299662216.25,6489515.0,8234375.343656181,54456.2302257649,1298112042.5,17626631.75,8106312.263901176,47946.5899586546,1897515130.25,18802751.0,8190397.323202999,43518.58195234055,898786345.5,7057308.25,8406168.585882071,30342.500065547007
p214-010-60161-cr.png,218895169.25,6014047.25,8152954.914033157,41172.373297514656,757798137.25,12443006.0,8136854.718796366,57767.887522462166,1037949716.75,10875652.0,8298399.731978159,35075.36025369429,546153865.75,4361818.75,8426662.583596032,39915.247864699064
p214-010-60161-ml.png,324390629.5,8110599.75,8097193.902671127,46018.134673695735,888490168.5,14869455.0,8098928.779207116,50801.8279977776,930699616.0,10738563.75,8299603.863639899,43029.58364904841,439305190.5,3887881.25,8442936.910752326,43055.16588758021
p214-010-60161-mr.png,296931435.25,7348053.25,8133524.0954737775,47253.36827292788,813371400.5,12996298.75,8168809.573439084,35315.85047242279,892823783.75,9611966.0,8332289.01550477,58476.25375176789,448606376.5,3740387.5,8445110.13827075,49402.64851543764
p214-010-60167-cl.png,1208092669.75,26018918.75,12671050.418981439,103011.0912779778,4622262358.75,70427690.25,11972159.901543861,151647.6304121103,6172193231.5,71634177.75,12340136.079176921,127122.74309875668,2921128772.0,27007329.75,13247542.627703704,69579.52055621157
p214-010-60167-cr.png,624582527.25,14851321.25,13000277.151330516,76127.02541406048,3674320070.5,59196902.0,12128683.302996892,143894.61818334938,6734659485.0,82297012.5,12062020.346271029,144467.48897962546,4010490265.0,39911590.5,12968192.632443031,72313.21752070273
p214-010-60167-ml.png,906033653.75,20538247.25,12689095.772582132,78601.9420684566,3757784884.0,56378402.75,12248051.691459574,121975.06942986847,6573173754.75,72377588.75,12329425.849386945,115057.91743116587,4304310162.25,38967864.0,12998596.617826954,57358.215409186436
p214-010-60167-mr.png,1070371647.5,24076832.25,12531652.542170111,93635.81846091665,4047721520.5,60118077.0,12198503.055514023,124996.01122461338,6698192552.75,72687964.25,12368939.771571167,112288.1849499546,4369581674.5,39085898.75,13005564.910383908,65970.77797780748
p214-010-60171-cl.png,207223604.5,7355708.75,12982695.28765403,61554.945126899016,2331982019.0,38527634.25,12515794.333900385,87158.95788375314,5931646581.75,69375087.25,12287667.655633971,108720.487485507,4253495076.0,40056520.0,12976462.240384776,70947.06892364216
p214-010-60171-cr.png,201796571.75,6781174.25,13016415.596962351,66910.41568425152,1906265739.5,30252979.75,12782392.768697431,75377.1864273503,4739285595.75,54562441.25,12527249.253361145,82961.32257325659,3339227167.25,31243895.25,13093873.60723195,55047.737972076495
p214-010-60171-ml.png,719622892.0,16830638.5,12614758.244669603,73935.14691788374,4139643719.25,55974689.25,12354082.006714564,111066.26924236846,8157044257.25,83634513.25,12189314.273179503,115424.05232716675,5189802565.75,44897006.25,12903413.894550383,78331.69342854114
p214-010-60171-mr.png,427417745.25,11566451.75,12692169.53766187,68997.7383168771,2403137734.0,33894117.0,12793717.247533511,88523.87054243029,6263109430.75,65934302.0,12284196.140785865,95340.40573464114,4838750775.5,42731192.0,12869958.622459833,67968.33901965428
p214-010-60174-cl.png,144951465.5,4585382.75,8147577.312564783,47126.72987047142,686048864.0,11179629.75,8138262.212316459,42234.85079680072,1643055686.25,16479205.75,8179921.600125214,36215.64577508897,1246209021.25,10288544.0,8301060.810119591,47554.783494030555
p214-010-60174-cr.png,110025740.25,3533644.75,8222396.295714884,56832.539674915024,589681880.75,9766033.0,8196191.415375801,56858.84939851009,1216541194.75,13487908.5,8217223.709844316,47858.325862186655,793079251.25,7053447.75,8366010.299208688,31949.734253047714
p214-010-60174-ml.png,190066338.25,5622807.0,8040471.65108186,65120.421310593316,676450858.0,11166027.25,8143194.04745075,63408.417092008545,1381057343.0,14837526.25,8168704.388390759,40422.827337267154,1018542375.0,9007903.25,8310430.605778964,52426.8818327483
p214-010-60174-mr.png,171974076.5,5166819.0,8097828.593431266,61761.40363838015,719433328.5,11591656.75,8145379.540207436,56284.52600630296,1331906030.25,14133998.5,8199158.719395078,49635.1671039176,851261087.0,7217605.5,8354050.598663318,35335.315559150666
p214-010-60176-cl.png,682494026.75,17774843.25,12666459.678589769,79982.22712689632,3772896692.0,59583686.5,12110843.923144888,128435.02389625183,6746823750.5,79685925.25,12120932.086643215,137673.6783604991,4003668944.25,38520423.75,13020602.74694629,73836.10196006639
p214-010-60176-cr.png,457234798.5,12650693.5,12879086.792244451,66426.75525503306,3065616256.25,50431496.5,12248831.29231282,118385.95948160981,5964217222.5,73091747.25,12165696.052172096,129354.32453844612,3636650488.75,36126642.5,13027412.188690607,79289.47472162417
p214-010-60176-ml.png,1053564282.0,22990562.0,12482021.429275548,106474.65699376678,3775262950.25,57983646.5,12146343.44835513,147560.4973608305,4803542057.75,58273825.75,12434510.418399595,124335.93202268216,2187796263.5,21960202.75,13246755.557124402,61689.02473737483
p214-010-60176-mr.png,1031045291.25,22491027.75,12497426.152412303,92392.78997237698,3866464798.25,56530312.5,12184832.211374708,120214.0172293379,4473478414.25,50408865.0,12611413.618618045,96176.56129447433,1527609466.25,13411413.0,13416806.960062094,38958.369204674455
p214-010-60181-cl.png,562752972.25,15852313.0,12701909.269423544,86969.56368302336,3219662012.5,54703743.0,12081399.751813037,131200.37292724632,6180661373.25,76259437.25,12070060.352701845,134989.32997425436,3865155890.25,38653097.25,12932952.56609786,80580.237356735
p214-010-60181-cr.png,673023458.0,17654297.0,12605112.997276695,94933.1108118428,3881948239.25,62779561.25,11910614.14003055,148544.9265209462,7485651672.25,91071840.0,11747689.497432485,160499.49400437748,4673766862.0,46725477.5,12828191.735408632,93864.25738158228
p214-010-60181-ml.png,908824998.5,21356289.0,12577619.557487585,96846.95040232077,4573652284.5,71016283.75,11761908.664377533,156818.77895421264,6787147694.75,80303459.25,12077546.248606814,144304.23258852112,3082847837.25,29668177.5,13116860.189911542,62708.52239450298
p214-010-60181-mr.png,921056597.75,22166630.25,12487736.626679024,104290.18823771543,5004163762.5,78526653.75,11528599.280497935,179925.84718423645,7876105984.0,94273519.5,11756679.266855547,160868.99906573916,3782620069.25,36634238.25,13001886.909649178,81586.82605128888
p214-010-60182-cl.png,562700941.5,16888056.0,12488128.273917513,97924.0644416112,2754139357.0,49221014.5,12062196.56449088,122574.49890524866,5636482148.5,69869191.25,12083448.653977346,118075.73508901478,3935467341.75,39221835.5,12868529.380339265,70279.73768067535
p214-010-60182-cr.png,404566023.0,13069974.25,12643709.591654908,93948.56354060407,2499340154.0,46625947.0,12076403.455171071,127269.87660841065,5432045705.0,72776971.0,11927793.78286125,137576.14094259558,3738384532.75,40801733.0,12806176.347083025,87500.74197697174
p214-010-60182-ml.png,891730028.0,22939544.0,12329384.171751745,105868.95749096904,3794635703.25,62025681.5,11878213.416297754,134222.46070531968,5427641382.25,64929068.0,12305914.270740248,117449.1742039288,2597388360.0,24748154.75,13188144.797817584,66610.4934297048
p214-010-60182-mr.png,931024245.0,23746521.5,12353106.455042258,103257.7437809055,4246390980.75,68659112.0,11770750.824619463,153726.27634147758,6577924728.75,78545801.5,11954118.38697622,125921.85276049447,3302685589.25,30277509.0,13131601.885013485,58307.453563469586
p214-010-60194-cl.png,290185892.25,8476405.0,7920644.047698004,56345.64523415362,976857672.0,15306780.0,8025112.3003000505,45865.222486040155,1582229579.0,14523205.5,8238354.77812035,54067.15124508602,1010817436.25,7699662.0,8317599.53889031,25902.533012625685
p214-010-60194-cr.png,309143667.25,8311391.0,7985543.448798031,60168.52583465124,1310305562.0,18185039.75,8009944.757027192,52754.07632921166,2194903820.0,19910488.5,8103198.025823908,49027.832045874544,1222793680.0,8425296.75,8346755.021570245,34472.580119718914
p214-010-60194-ml.png,332920984.5,10015036.0,7755724.704561681,65681.27927901568,1241031831.5,19287205.75,7888106.740496994,51819.60578173866,2070594584.75,19184300.0,8115214.597405054,48558.03524963102,1250741995.5,8988622.0,8311615.703247186,42699.317406900176
p214-010-60194-mr.png,282973093.75,8687193.5,7799588.387317801,54663.5597824164,1116372705.5,15968049.25,8030446.134355672,56431.29115256869,2181001186.5,19224296.5,8114722.550017731,46542.17134008474,1443099572.25,10158546.75,8293144.779159084,38174.606015298836
p214-010-60196-cl.png,334537454.5,8911083.75,12977511.958787626,58570.105830564,1549019762.25,21796913.75,12933699.982558237,50462.11960366447,2565420707.25,23561451.5,13163785.126984969,60818.63279540418,1373484362.75,10153353.0,13397373.702622674,48007.443237160216
p214-010-60196-cr.png,151868989.0,5095959.0,13132125.002315924,52373.153969239094,965024421.5,15277706.75,13094845.549722726,47265.246212905404,1942898765.5,20596755.25,13138974.179865245,61165.93876019883,1161366917.0,10053671.0,13356558.476504887,50346.08397903395
p214-010-60196-ml.png,460731617.5,11373936.25,12743937.02283496,67558.32665303479,1933460597.0,26401845.0,12821899.511291977,62216.169586530435,2991491376.75,28734761.75,12972563.882130455,61299.60261618244,1526477114.25,11626019.25,13360857.166988956,46404.85046159832
p214-010-60196-mr.png,629530634.5,12773408.25,12766512.516396143,68287.31502450624,1815777823.75,23016784.5,12987705.377253989,61124.50074980629,2129210317.25,19415166.0,13203108.730667109,61782.07703553539,988396820.5,7450033.5,13429125.706580605,40595.49250888639
p214-010-60202-cl.png,449632091.0,10947556.0,7833255.205413321,68266.26921917745,2146855694.0,30952996.0,7740608.079945801,81624.30471226678,4161052002.5,44758918.75,7675487.92636589,76750.2598897507,2761813577.0,24829726.75,8111798.247863663,57069.41327091993
p214-010-60202-cr.png,420741482.0,10914888.75,7806236.388107631,58707.511466744,1904367235.0,27743222.75,7779531.875247078,67956.06990575789,3397971065.5,35235777.75,7845616.776715154,62176.05624758218,2057217382.75,17333188.25,8220103.212632319,39702.26574561906
p214-010-60202-ml.png,728524658.0,15652369.25,7603468.540231228,87405.92886011407,1682873628.25,26597566.25,7754708.995495394,92130.89215134576,1601907091.5,19646860.5,8042777.756419878,53427.768073304025,754904331.0,7621674.0,8358643.096177161,37704.26037825627
p214-010-60202-mr.png,611275082.25,13989806.5,7647674.405004293,79025.91646901425,1642810624.0,25235231.0,7807437.631920648,76199.06752471335,1909049335.75,21737903.5,8030862.815162676,46843.02983034224,999504338.0,9294278.75,8328866.639485423,48040.66088440352
p214-010-60207-cl.png,140980006.0,4090552.5,8182366.640970698,62107.29550806039,665369120.75,10111918.5,8168238.369670259,38592.8823998298,1490142073.25,14733727.5,8179634.05590052,42172.77326170883,1047689614.5,8390886.0,8342808.431214604,35839.005403279894
p214-010-60207-cr.png,102626169.5,3019695.5,8242533.977942906,38209.537499862825,510810133.5,7611178.5,8227104.106022879,53877.08609215368,1153829552.5,10669760.0,8271970.050102299,52317.84936851956,806514116.75,6451761.5,8327574.293821234,50950.292802028634
p214-010-60207-ml.png,192157505.75,5009237.0,8078698.443652628,50167.2919289678,740399350.25,10238961.75,8201910.424541116,55711.09145889238,1476541971.25,13884010.25,8199374.639148877,53589.789470710835,1001419239.75,7784382.75,8341158.844534763,40363.99470120172
p214-010-60207-mr.png,92422252.75,2830548.75,8220768.386802841,58438.48396911836,506237243.0,7382833.5,8257141.224687465,48815.620634950836,1524077369.25,14550870.5,8203718.928860668,40582.46085078704,1239352385.0,10481225.75,8250903.482456287,46139.308889650856
p214-010-60210-cl.png,370615374.5,10806563.0,12851186.041701939,71529.47265463619,1593523768.5,27366170.25,12602390.107764805,65525.90836135713,2792676423.75,29858592.25,12951675.583459532,57229.911980075674,1698864198.25,14230268.75,13304672.137242734,46635.340431389806
p214-010-60210-cr.png,601523621.0,15477109.25,12817091.659781676,78867.30464060148,2626246640.25,44256711.0,12092815.702790668,99438.97194518406,3629423759.25,40587329.75,12809650.428716276,69838.75950284475,1583108531.5,14063327.25,13303903.612763334,55894.329594836105
p214-010-60210-ml.png,923929417.0,23338639.75,12087213.30225803,111903.62332736515,2307510931.0,36923442.5,12429059.30901884,95704.2754812305,2075103073.5,20823831.0,13128466.465205891,47934.03304574684,816612957.75,6310351.25,13387380.877563832,51627.0972457928
p214-010-60210-mr.png,694602516.5,16907324.5,12488193.398142003,93422.45785085377,2725820760.75,40534760.25,12465770.991174228,86756.16613659129,3846418345.25,41776384.75,12740825.508058568,69444.72968553945,1831259115.0,15964951.0,13306449.126271274,51595.07573648551
p214-010-60211-cl.png,273254963.25,8860181.25,7668857.804711124,82600.43077967611,994780279.75,17000658.75,7833114.180660527,65835.40241521818,1280640072.75,14579801.75,8085257.81688867,45795.732344476564,531723954.5,4498825.75,8373459.674570642,55741.89956017863
p214-010-60211-cr.png,270836811.0,7901369.0,7868508.589580938,63501.31045194368,1043064462.0,16842849.25,7865608.670902683,65110.903701561445,1513878736.0,15818372.25,8099991.307831813,48120.05285701512,741773551.75,5813043.25,8367474.8700560555,45603.57032655188
p214-010-60211-ml.png,409105548.75,9739892.0,7919620.033570435,59209.80623879803,1388889476.75,21715580.75,7784391.902410387,65136.94399718348,2213925399.25,23590889.75,7963221.913147474,55131.27620681403,1368209813.5,12160926.75,8216466.603462527,54194.905919240686
p214-010-60211-mr.png,363578431.5,9225773.25,7895270.984384445,57561.72611999327,1438253984.5,21331618.0,7825250.154916003,66552.2243693069,2387303502.25,23942304.75,7960797.4073260855,49442.4586089788,1380448792.25,11007388.25,8265242.023563312,49367.88769558345
p214-010-60216-cl.png,237725106.25,5508574.25,8171619.5426023705,53844.01414086996,993946430.0,15929139.75,7964642.8613612605,50235.30661697326,1599749897.25,19174886.25,8024435.395654842,61205.89976413521,886753686.0,8945080.25,8285106.027789071,57886.54169748594
p214-010-60216-cr.png,300814319.0,7151153.0,8075937.785368408,55327.942862570584,1156775414.25,18805801.0,7863591.796946984,69126.0527715414,1724291863.25,20466265.75,7982045.25935623,56642.832014848565,908029450.25,8640856.5,8314205.648022475,45036.678609274284
p214-010-60216-ml.png,388487565.0,8433162.5,7942255.746397112,68125.38089860439,1161856221.75,16581682.75,8024901.285915414,69353.8368374184,1651207863.0,17287731.5,8118618.478181768,43234.266720701664,963293161.0,8557611.25,8312720.867879935,46057.624082740665
p214-010-60216-mr.png,377983121.0,9047535.5,7912249.053501302,60042.37220951607,1195430892.5,18107298.5,7977854.395645083,50697.363112989384,1723014014.25,18504355.0,8104966.996462604,56493.20741677533,997533282.75,8837806.5,8324264.322362246,45471.54231148275
p214-010-60224-cl.png,461054834.75,12349281.5,12817345.670773413,77710.67499595511,2118450082.5,36466909.25,12364638.19949409,99022.88942958106,2916198602.0,36256471.25,12781268.934509274,86982.62450184186,1202016074.0,11904292.0,13340912.73097365,48821.45867752548
p214-010-60224-cr.png,572422168.0,14395009.5,12781122.611534845,80357.35487963134,2319794835.0,38038677.25,12388045.150789227,96979.43340041274,2977740161.0,34724246.25,12877738.739108238,64659.07839419332,1191644927.25,10810773.25,13406356.520017836,46607.54622855187
p214-010-60224-ml.png,747871002.75,16567755.75,12558255.786035644,104917.45769358637,1971480919.25,30535547.0,12674888.12523713,88963.88414192732,2199827057.5,25387509.5,12956080.456180008,61249.25350349825,1073465362.5,10087477.5,13362528.93134631,37603.07602927144
p214-010-60224-mr.png,658099325.5,13695107.75,12645024.108003248,95814.23413993735,1930497191.75,27173413.25,12827332.379327016,79282.97000365831,2297997384.25,25279940.75,13001272.664336123,61255.28901131438,1081733776.5,9847395.25,13416220.065749226,42439.03518400341
p214-010-60226-cl.png,298460910.25,8693047.25,7877069.631104417,65186.68676736258,1050326741.5,16307403.75,8013541.4648850355,59974.657325807355,1594042745.25,15490262.5,8205606.421225031,42188.34576741952,907744498.0,7064438.25,8354359.304481449,48986.6284245775
p214-010-60226-cr.png,262914686.5,7445694.75,8010136.86115505,40597.81993145118,1001389384.25,15713079.0,8022675.434076841,56499.47076121984,1606556259.25,16218589.25,8167034.301091131,50682.84594764447,922737951.0,7359658.75,8347204.391897885,30108.765231684116
p214-010-60226-ml.png,329103404.75,9425424.5,7839053.807469489,61982.56195435591,1153606111.75,18429219.75,7912304.497723565,42338.11263084408,1666568716.75,16533392.75,8162184.072420694,55356.9394858537,901449380.5,6903071.75,8357312.68559571,31106.667205845075
p214-010-60226-mr.png,313006636.5,8600376.75,7932325.821066648,59748.05827100408,1170144528.75,17834680.75,7986662.653956752,63566.15048819068,1720955508.0,17101990.5,8169335.36003907,49755.115315745,908683283.75,6992495.75,8372589.692567294,58235.504336446815
p214-010-60231-cl.png,130150890.75,4476897.75,8148566.623250131,57185.91680558684,599392961.75,9263285.0,8229280.432783851,53105.029030579695,1536849531.25,14241622.5,8245542.0166739505,59045.71127147509,1204604815.75,9278105.75,8320964.739438811,50430.17313610614
p214-010-60231-cr.png,78987661.75,3120618.75,8208783.595405125,44807.43598477318,478653913.25,7882323.0,8250428.441944446,51109.239393022595,1197037325.0,12170177.0,8261035.459956737,49564.1858053922,872828720.0,7140925.0,8360605.760984378,41579.3202423444
p214-010-60231-ml.png,210367003.75,7153150.0,7877348.853489203,64401.674032034396,775512793.5,12261005.25,8138009.943554356,48579.801849536176,1673974348.25,15588996.75,8204672.542986065,51596.12363716045,1254552200.5,9611605.25,8293788.731191291,42953.97878553715
p214-010-60231-mr.png,163047849.5,6127579.25,7866690.7009447515,57667.54109982982,858718295.0,11786946.25,8181154.8211728195,55307.304179896295,2044790188.75,17566590.5,8191627.232371268,57517.18054537564,1433457257.5,10129883.5,8305278.035467083,32891.938270729544
p214-010-60233-cl.png,366450381.75,10370947.25,12938181.25132966,66787.16761323618,2415698990.5,38393087.25,12525035.594547011,93660.09988600158,5009243373.5,57632524.5,12410424.625233544,93000.17159008324,3135897484.0,28617069.5,13142732.21333808,60093.26725785353
p214-010-60233-cr.png,387432438.25,11116636.5,12868357.012638703,79420.92652780836,2326093203.5,37495909.75,12427469.962232204,90133.61500017482,3580096130.75,41844475.0,12607462.149644349,76837.43059378122,1436956615.5,12455390.5,13368403.585377855,51363.20378559726
p214-010-60233-ml.png,692785301.5,15523704.0,12750235.30845466,68967.30974001548,3987724610.0,53146200.0,12312605.290939044,104174.11531818245,6131938825.0,62409667.0,12370874.650949752,97454.35157506698,2588219760.25,20474046.5,13290882.870503068,54757.30175234447
p214-010-60233-mr.png,684693653.5,16224145.25,12585073.438032936,81206.32971524207,3277877097.0,45985511.75,12329956.901879117,96719.89855903866,4517699202.0,46446477.75,12645302.345644563,79664.6153353359,1739809188.75,14087910.5,13303938.790075783,59745.79333695198
p214-010-60247-cl.png,133670849.5,4871794.25,7945397.923262435,63399.99469753944,632566903.0,10457644.75,8100755.536787257,43158.748084005645,1627206161.5,16050297.0,8157568.4988622945,59823.34147013265,1280608221.75,10967070.5,8215343.2350743245,39001.8827719402
p214-010-60247-cr.png,101797557.75,3827233.75,8003213.507578238,65709.10831040167,435089741.5,7066349.75,8233969.138038563,43659.35024161588,840192769.5,8760036.0,8281284.475315983,35260.12083410111,552978293.75,4650397.5,8389019.44247359,52270.36746123208
p214-010-60247-ml.png,160475955.0,5884374.75,7714566.051749502,76751.339061973,670199799.5,10325070.25,8106979.741793171,50619.20792892404,1611926625.0,14989333.75,8164658.285143687,55658.85866883715,1216007905.75,9626343.0,8261295.589737477,36544.55438039724
p214-010-60247-mr.png,155493907.75,5620870.0,7788576.561055515,73484.1225721633,547254425.5,8940887.75,8172460.934696275,43548.33200535879,1215109095.75,12076712.5,8226825.003893934,58190.0195440183,931181942.25,8169365.75,8262994.837498244,43102.50215172275
p214-010-60257-cl.png,211545023.5,5710213.0,8020296.2999456,61928.88246452939,1341116278.25,20110284.25,7991490.152896577,72815.65852589594,3000796580.0,36209639.75,7663762.626151088,79785.36136451342,2021416197.75,20773738.0,8113016.980092817,64902.32176403091
p214-010-60257-cr.png,197518120.25,5045716.5,8152926.959997233,41766.27371678955,1485406452.25,22177481.25,7908060.463686918,70569.3670901699,2738521555.75,32471221.25,7786686.274605952,73083.76226928276,1448805610.25,14278115.25,8239603.219121244,58196.38915217195
p214-010-60257-ml.png,543401412.75,11960916.75,7864329.3962102905,69037.82409717684,2220742605.25,33739776.5,7585816.508015465,96244.34064793658,3142789643.75,37381101.25,7669578.297707475,86492.32282734048,1486338554.0,14447318.75,8232206.032603757,53659.94913112729
p214-010-60257-mr.png,702360168.25,15471608.5,7724679.7423586715,67973.75896082615,2360059280.75,36481617.75,7465125.040089482,95594.8597185849,2695753766.5,31287955.0,7859827.413020624,65189.30981754303,1058982522.75,9900306.75,8316124.952840139,63140.10739089294
p214-010-60264-cl.png,559852413.25,16993218.75,12451596.81170234,99983.9936931851,4114436155.0,71591933.75,11301589.935125958,169816.4620583254,6666707987.75,84819415.0,11708293.63303346,156355.70795480316,2733934043.5,26539440.0,13127635.659131981,56807.127660833066
p214-010-60264-cr.png,645002221.25,18350639.25,12490966.887393063,109395.23885203863,3785581308.25,66499532.25,11233255.903055409,154239.49061816832,4957479763.5,62422114.25,12089814.019987278,123924.22948299162,1300750958.5,11332645.25,13374639.351366088,39864.42843308143
p214-010-60264-ml.png,737484192.5,19764559.75,12305209.590153247,100640.64407091569,4184168106.25,64639617.0,11781812.813698273,134564.6759142789,7151030062.0,80661858.5,11905391.780684393,119453.99212502559,3685938376.25,32879876.5,13005253.006475091,63471.787639569455
p214-010-60264-mr.png,589383193.5,17328890.75,12310735.817620251,98296.59805951563,3576454610.0,56968671.0,11932703.558524575,119186.0883081512,6249903374.0,72703070.25,11953982.322389552,118448.74149092467,3169020170.5,28388582.25,13096598.487164747,67278.59540325715
p214-010-60266-cl.png,359907803.75,8798195.0,8059967.198751684,61322.32402130973,1491050261.5,21943142.25,7932732.841430631,66631.09617993484,2177777583.0,22212601.5,8100204.379781275,52413.102667004874,1063488942.5,8359241.0,8374860.197643063,43642.45942671215
p214-010-60266-cr.png,367157190.5,8661129.5,8085573.648769886,52143.30699320924,1416037587.75,20285571.0,8003286.820087157,51505.18010907128,2126697227.0,21062210.75,8136400.757805366,46042.869519786,1167588539.0,9118255.75,8362009.639948982,34694.460740739945
p214-010-60266-ml.png,331706891.5,9129081.5,7932072.207966112,56898.68122745864,1352209347.75,20724735.5,7921659.956797898,61213.19922191881,2123623696.0,21363354.75,8105861.412085084,46578.25012005236,1163355412.75,9158061.25,8336431.343158977,55876.41341230563
p214-010-60266-mr.png,300665119.5,8232042.0,8009343.524892978,51762.09147637129,1229644737.25,18815994.75,7990776.472490732,57332.80974377625,1926179659.75,19563204.5,8144996.451973671,39611.32948533226,1060489320.0,8334052.0,8363690.810032276,45573.19728582025
p214-010-60279-cl.png,195726218.75,5780375.5,8087924.107878929,58578.18603776791,1037354057.5,15920465.0,8011524.158898261,48167.126996696796,1896974198.0,19784673.0,8076122.150295781,55823.91121000242,1063997054.25,8664491.25,8332949.49879816,39750.08440602937
p214-010-60279-cr.png,188340709.25,5567198.5,8083073.13080658,53025.25150983508,851011166.0,13730271.75,8023132.417965485,45783.17536635701,1460870125.5,15334196.75,8153680.576563286,33456.861063456665,823682798.0,6822598.0,8344426.308637457,50429.0002401932
p214-010-60279-ml.png,282951103.5,7886326.25,7952960.499903206,61597.5214479182,1272235830.5,19664998.5,7917673.27519243,57018.19410360469,2287245769.0,23946748.0,7995809.577435296,56901.30109714099,1370458967.75,11325449.75,8284728.737712903,53958.611629725085
p214-010-60279-mr.png,208568497.5,5706163.25,8126761.196816099,48290.172634199545,1198946654.5,18009276.75,7976345.784976159,60279.64525923584,2187981140.5,22793913.25,8033641.8033606615,50820.020932920015,1206156938.25,9865269.75,8318926.508694236,39187.10784672629
p214-010-60282-cl.png,349823584.0,9237491.25,7914023.1959600765,52471.943317662095,1513816709.5,24089634.0,7805854.3024976645,67005.57660139212,2384810883.0,27123979.0,7923076.314449237,58833.5727987032,1262055418.75,11359792.25,8288271.132569777,55361.401777106905
p214-010-60282-cr.png,262963699.25,6901660.5,7977308.89995477,64372.239019845656,1098705904.25,16850871.0,7981925.559024221,62244.00723102253,1675949796.25,18582632.5,8095111.096529356,54804.59416531131,863898084.25,7843072.5,8338973.206309325,44605.137292040155
p214-010-60282-ml.png,439683012.25,10928239.0,7607366.502242384,72560.36587016853,1806683996.25,26188758.0,7759926.070382852,73145.58796877199,2644550419.0,29374871.5,7855191.02675689,65960.27433539761,1289681037.25,11757297.0,8282580.50886471,48659.88619018927
p214-010-60282-mr.png,514216374.0,12182761.5,7631228.489240853,76509.60897016682,1617667153.75,24339260.5,7760481.675443699,65493.49144211029,2109871843.0,23089315.0,7968284.706430929,52572.053922290186,1066650372.75,9448746.5,8309867.974826633,27300.39800917253
p214-010-60283-cl.png,451012780.25,13346557.75,7553507.185866747,77342.4903678038,2689166715.25,39959944.75,7385965.369636251,87402.06409965586,5712065800.0,58640749.75,7387732.597720735,72803.54157330806,3752854263.75,30569935.0,8030705.459645931,59143.71774321474
p214-010-60283-cr.png,441057983.25,12490009.0,7698002.11730637,66442.1168674389,2602639200.5,40105745.0,7359034.32100012,84224.97929927817,4398918237.0,48320116.25,7524463.537423826,85927.82808702844,2177779581.75,18258809.25,8216267.639533136,57626.53828072187
p214-010-60283-ml.png,642178492.25,17942259.5,7417283.344143245,86396.56430600601,2440167986.0,41093781.25,7325329.958382361,100503.50135662036,3495937387.75,40987203.0,7642613.016571068,76996.34983739554,1813703835.0,15874779.5,8268770.574803794,60107.38576876268
p214-010-60283-mr.png,585638670.0,17796657.5,7284599.497001665,99206.93052578176,2043079688.75,37075490.5,7351973.3330012085,96988.33145509803,2529832421.5,32074611.0,7769818.584480634,61443.38681121318,1102263145.75,10057544.75,8346564.2906831615,53300.25400694123
p214-010-60306-cl.png,119026273.25,3412133.75,8227868.861315306,46170.17012424592,602966694.5,9152105.5,8243491.191138493,47730.05105980273,2616765894.5,26985365.75,7990050.894353292,64227.30982100394,2553200373.75,22848223.0,8101709.745649594,66136.92873162072
p214-010-60306-cr.png,182138980.75,4232275.75,8199816.881220121,36987.59151937709,906311088.5,11400593.0,8239727.563871696,61272.49540190981,3202032934.75,29611507.0,7998880.143232442,49695.62508124005,2885365092.5,23427726.25,8137420.79839595,62750.91555650254
p214-010-60306-ml.png,431837587.25,9867434.25,7910284.484877215,64778.08267271217,2079543977.75,27344835.75,7877475.903559577,71438.88316099736,3948859978.0,38352718.75,7863691.531867269,65373.99874112627,2539562389.5,20581093.75,8195377.991069164,47883.29452696206
p214-010-60306-mr.png,249871753.5,6458293.25,8023325.019841413,42710.805884350215,1364040073.25,18924151.25,8043242.919091847,51904.98087420218,3392215419.5,34739539.5,7850457.034012435,68337.13311199266,2580806148.5,22554625.75,8101045.476900142,42375.5222615331
p214-010-60326-cl.png,455242050.75,13963529.0,12549107.909869596,90613.85923627863,2810302785.75,45056035.5,12260997.849680386,97587.64445671657,5875018778.0,65148959.75,12156112.149336658,89833.42333155592,3711586471.25,32021101.0,13012648.712003272,66413.69922553719
p214-010-60326-cr.png,321143146.25,9969796.25,12820149.788210036,68468.55111621451,2168367511.25,34587280.75,12560578.947302442,83245.00326962775,4917443876.5,55485505.75,12316025.354008824,79147.30976238711,3281190026.5,28867534.5,13097838.830798034,60499.063103676875
p214-010-60326-ml.png,408242387.0,13175486.5,12406904.953143435,94547.60761082241,2276015807.25,37001443.5,12446870.383819778,81960.48173927258,5431918646.0,59736374.25,12341483.903530585,86789.08395015539,3999209802.5,36063216.5,12893799.318709437,62751.42878431249
p214-010-60326-mr.png,252965455.25,8301923.25,12713929.422458772,83070.75572839881,2135819709.0,30642792.0,12706805.986853853,81245.28018445201,5250723477.75,54410158.25,12452018.845053412,80636.72216632143,3585954964.0,30414530.0,13053921.379938882,61540.97517737889
p214-010-60330-cl.png,219373540.5,6714438.25,13115887.198004657,51477.57800992439,1877555208.75,29854093.0,12741291.003928052,76307.60574253404,4271778075.0,47796382.5,12729720.297004394,87382.89647803389,2851625070.0,26249830.5,13158512.2276478,59175.69799673803
p214-010-60330-cr.png,244788986.25,6551144.5,13254328.157919135,37514.02560166079,2345329032.5,36420033.0,12712955.638714766,82330.2004372321,5123223446.0,60006249.75,12530593.036449417,103642.59871933889,3341674645.5,32164016.25,13111787.84306645,68256.59060176412
p214-010-60330-ml.png,547313544.75,11626490.5,12941243.457674026,56396.74208478586,2547431791.0,33700104.75,12798742.653477762,78499.90779536909,5276992404.75,52232308.75,12709537.992471345,78879.87164352485,3678208489.5,31637406.75,13045371.5472337,61046.387930606914
p214-010-60330-mr.png,433867550.5,9810926.0,12997839.713568669,53849.2611029849,2919109131.75,38736509.5,12687325.347794669,85014.99723491876,5562624121.75,57090488.0,12608767.147747949,87585.1280117221,3209899944.0,27948128.25,13155454.004587378,55485.541894696755
p214-010-60331-cl.png,315496230.0,8778237.5,13083232.796204295,67236.96217388485,2098479007.25,32470952.25,12722385.428084156,79028.13115868717,5131417457.75,55781508.25,12607043.008476816,90405.34688260607,3856583496.25,34917872.5,13030584.993229382,58000.98436157997
p214-010-60331-cr.png,423408322.0,11576881.25,12928837.297879111,65313.702102369236,2579812645.5,40296826.5,12520784.843512714,91709.77324669849,5085499620.75,57015394.25,12511669.30021286,95994.95195198797,3150225188.75,28242943.75,13176459.13744795,48167.44925736985
p214-010-60331-ml.png,581848962.75,13254085.0,12778295.241197225,66744.01236816679,3242630940.0,42107500.0,12661061.35511889,92780.25205798581,6105121987.25,60758740.75,12551532.656121809,97013.37603558628,3658456346.5,30465082.0,13162734.873479154,59709.666790326286
p214-010-60331-mr.png,448475621.25,11667067.5,12757146.927863691,73336.58178920652,2116456639.0,30784329.25,12776280.582278889,76942.10207839655,4388605388.5,46004182.0,12683580.892274749,72512.12239476596,2994584701.0,25719503.25,13185834.245138738,55059.85841941308
p214-010-60348-cl.png,125874745.5,2271051.0,8415707.531372149,45158.54919221808,682349617.25,8080348.0,8303899.045256267,36944.14927897453,1273850532.25,11283895.0,8314321.541933397,48533.12706270258,749884586.5,5813726.25,8395620.808778506,46350.49032658863
p214-010-60348-cr.png,88120484.5,2134378.25,8392605.955484241,29185.235456222985,468058160.0,6759593.75,8314346.849669596,47306.175848915205,1137549516.25,11469657.5,8284164.100863957,55865.28920737791,845317200.75,7259045.75,8366902.299900144,49892.02020132754
p214-010-60348-ml.png,221716383.0,4235690.75,8346704.964805279,47610.6479210326,852520471.75,11577116.75,8211963.890556227,54584.660222785475,1412676226.5,14116393.75,8245690.376362689,50530.455130715774,863254245.5,7231940.5,8381065.669910119,40589.30022699034
p214-010-60348-mr.png,200222123.25,4549424.5,8293581.087187713,50160.87330670374,756270445.5,11237756.75,8211777.8366980385,37776.895598926756,1115536047.0,11957193.0,8270278.178171016,48624.52113701038,596544806.25,5068129.0,8423099.812214015,53752.19988182884
p214-010-60357-cl.png,680786475.5,22809830.75,11726765.02852842,121061.77541196087,3880466683.5,62354616.75,11819422.725443674,126212.06699461119,11357882960.0,120241673.75,11350444.719783489,151811.04197635388,9701006597.25,85897108.75,12034298.353319183,115144.57065962064
p214-010-60357-cr.png,721490323.25,24485154.25,11479563.183799561,136589.44164111512,4073777177.25,64622926.75,11785620.988763146,131563.417107462,11297558231.75,121540054.25,11121102.347406222,151681.1084680654,9212112644.75,80024416.5,12240446.472134631,111156.41435642036
p214-010-60357-ml.png,784093785.25,23876147.75,11705659.699294541,124066.87953746415,4041628388.5,61403069.25,11921972.301646253,116972.00851583728,10941102742.0,112292639.75,11535088.201465977,142063.18540163254,8992096174.75,76986375.75,12330433.958473703,113187.75816864848
p214-010-60357-mr.png,824073120.0,25740120.75,11484919.983622305,139840.66632271302,3411136806.5,54556405.25,12051241.015723003,110821.27557993992,9619001201.5,100286689.75,11733797.735108614,132528.77417691328,8506951540.0,75699293.5,12172901.432379063,113500.51009141034
p214-010-60385-cl.png,258638628.0,8139392.5,7772113.916527047,71672.11728305096,760572599.0,13548775.25,8016509.789581346,58216.26811963251,1504434200.25,16512554.0,8069070.464507321,51243.086434475306,1157970667.5,10469269.5,8240882.403457283,40081.683521329294
p214-010-60385-cr.png,182593724.75,5843018.25,7845342.661138102,68081.05401789561,579781794.0,9429779.5,8173152.2584751025,52820.7036471958,1442529672.25,15323150.5,8113041.490578282,45943.40269615074,1178666817.75,10808625.5,8243624.680614606,59667.36414656155
p214-010-60385-ml.png,369978452.5,10222228.25,7661622.595421091,74766.75410554938,1119216890.0,17335264.75,7985407.898186623,63629.30326621051,2079444184.5,21316799.0,8054177.658831729,49892.51418560362,1526379895.0,13320300.75,8208119.776787877,53969.17462256675
p214-010-60385-mr.png,250378151.5,6533003.0,7947404.082475147,63273.21931172531,646422119.0,10228946.25,8163775.5274779275,50528.175121024906,1662537390.0,16756896.5,8093295.574750526,61320.73331461972,1460189058.5,12788199.5,8209324.918693417,53984.51756882596
p214-010-60439-cl.png,843118485.75,18036627.5,7439618.794768386,78910.23959441346,2567817565.75,35845698.75,7381792.18974791,81286.09914251004,2860487353.0,27403852.25,7871448.818494249,56331.62489340894,1191902469.75,8970862.0,8258460.167076597,47893.43659677964
p214-010-60439-cr.png,360301578.25,9842368.5,7640368.884204879,79597.06341341246,960553652.5,16702246.5,7808756.880595548,63631.968173045614,1565139066.25,16921562.75,8034199.401539833,52150.24748650386,1095206976.25,9833165.5,8229826.702460441,57423.94123936146
p214-010-60439-ml.png,710998078.5,16647440.25,7335033.207024954,94862.39541755372,2111932763.75,32224803.25,7448327.186652139,81866.98011676055,2470775199.75,26925568.25,7845086.889143506,65646.64951919255,1130137801.5,9745614.75,8281032.322801479,54329.016381180736
p214-010-60439-mr.png,521325565.5,13056190.75,7273012.000188347,105549.02834110425,1221903015.0,18890893.75,7788605.664754275,68151.8890790488,1458624806.5,14652428.25,8118271.050144845,53446.13338019673,843574807.25,7121892.0,8285666.137393537,37240.762449468486
p214-010-60568-cl.png,152425663.0,4991635.0,13128265.154249717,53205.03147220997,1703175810.5,24528423.75,13029832.979981001,61413.67996766178,4687122870.0,52822645.0,12559955.122940168,96744.60064587668,3520058283.0,34010500.75,13006000.33613207,78290.70107616062
p214-010-60568-cr.png,127891887.0,4511873.25,13124337.654510614,67800.63312697862,1289917311.0,19351898.75,13117621.884058226,64452.35742247539,5038232741.25,57049566.25,12446713.919638423,101199.3388802166,4584001957.75,44061896.25,12886025.280020662,90316.55841527761
p214-010-60568-ml.png,196418770.0,6830761.0,12824510.206386503,79126.52212201458,983813204.0,14986009.25,13195683.380609421,59314.856891870004,4525803801.75,48406519.25,12582011.544234032,86823.96163485004,4450096971.0,41208821.0,12840836.340597315,81865.6459050951
p214-010-60568-mr.png,314121813.25,9203929.0,12816560.911431044,80568.414951727,1343093690.5,20786842.5,13085390.429945625,72642.36109784822,4173003580.25,47054448.5,12590878.941727512,79458.6224054216,3723412371.5,35140207.0,13012582.763096958,62281.22332773191
p214-010-60618-cl.png,141700330.0,3860762.0,8204057.026810587,56610.8207394967,601261458.25,9969626.25,8146212.327054584,54178.93393901067,1296612541.25,14906303.25,8117459.494675837,50376.12618433619,925034733.5,9002301.5,8276893.709023388,47815.62794053911
p214-010-60618-cr.png,149741552.75,4094042.75,8210999.375133818,58389.62520162881,720414183.25,11431826.5,8121374.483188301,55723.768828607936,1489037648.5,16369568.75,8112033.457347503,53476.762272671505,987894798.75,8944832.25,8304385.325008253,37876.805081416445
p214-010-60618-ml.png,211119263.0,4841918.0,8093214.371833436,51270.17528792858,813004847.25,11492684.25,8126770.882016785,62426.81246646965,1502915862.25,15730995.5,8134002.486050226,59227.520812849834,962833695.25,8812438.25,8294810.093386587,58114.438656376056
p214-010-60618-mr.png,198886609.0,4802839.0,8160445.694993706,59438.134909368266,769057757.5,11368919.75,8136265.214770608,56549.41802230521,1341301477.75,13921342.0,8177270.990392325,51470.728321042014,823553634.0,7192105.5,8328713.523591651,35846.61218836208
p214-010-60666-cl.png,118774580.0,3589014.0,8217265.644092849,33911.83219986068,579397130.25,9868710.0,8110042.605104381,47974.03615179962,1281627941.75,14689510.0,8113346.307276911,46020.91547717624,891477582.5,8339569.25,8320888.115332156,32508.34949010182
p214-010-60666-cr.png,83325064.75,2312959.5,8314255.173058551,52863.9701319501,309528775.75,5231327.5,8272665.676787958,51091.175713251054,689992856.75,7419912.0,8310168.563555084,59090.49269080294,517415607.0,4861506.5,8367007.625450332,37074.489731689675
p214-010-60666-ml.png,118331799.75,3042298.75,8260976.255463833,41377.73748632841,611999970.75,9601367.5,8155646.320434563,47395.20188319915,1335644822.0,15382760.5,8123346.680066364,51127.89685953867,906936928.0,9173006.25,8269081.58922359,45708.627113457405
p214-010-60666-mr.png,169719828.0,3675639.25,8294761.346733226,52282.33577858281,714165755.5,10428277.25,8157873.538340477,54720.99272575928,1308622772.5,13984601.75,8190295.576590302,46643.46734468483,822082848.75,7667750.25,8325456.832827544,45554.762998848426
p214-010-60733-cl.png,100560458.5,2826320.75,8316830.468793042,37760.49985565028,601546111.75,9949388.25,8165291.299253035,51801.532567115355,1616226629.5,18746019.0,8076713.4799896525,53323.11279752228,1250414577.0,12438983.5,8226376.345491771,49100.82980792838
p214-010-60733-cr.png,187497643.5,4548937.5,8263904.0069019925,54105.28929330777,1064513938.5,16395383.25,8010107.1003419515,62806.94678659919,2313233160.0,25994090.75,7972617.110992236,72909.06510438528,1581510730.75,15265176.75,8189292.994202943,39041.34512988913
p214-010-60733-ml.png,205323814.5,5703146.0,8169579.943941498,43772.35843791549,956902543.75,15104507.75,8095223.835252041,58675.87180300955,1958944497.75,21581608.0,8085238.042941436,55928.16690014865,1349625904.5,12401793.0,8259189.132377334,44002.21566142057
p214-010-60733-mr.png,227297739.0,6148250.25,8162186.266969573,51250.1737432518,1188580808.0,19006367.0,7965607.3916223245,63438.62617564569,2483873317.25,27884550.5,7941573.525358953,59406.950063509066,1685382027.5,15404775.75,8226163.396634996,54137.494126855265
p214-010-60813-cl.png,98170288.0,2983048.25,8280904.794256629,56042.894795293236,524268164.5,7855835.75,8238645.041546164,47082.89494339053,1763943833.25,16508554.5,8155183.168552158,38794.15277775123,1503431248.5,11696923.25,8293060.797291387,47535.932685465676
p214-010-60813-cr.png,138419040.75,3611260.0,8269079.117342295,44752.61592984396,526585787.25,7846796.0,8280228.384279999,52219.656491593094,1571542764.75,15417590.5,8202955.165895991,33063.13023218473,1374934889.5,11696699.0,8276240.153101737,50635.36269571732
p214-010-60813-ml.png,126467539.75,3252561.0,8283015.43621958,53586.29312175987,716996397.75,9654273.75,8222380.791678473,55968.47686007888,1939497963.25,17726855.0,8165610.546321629,51279.533003423894,1481229046.75,11580403.75,8287094.716799349,56499.171401555985
p214-010-60813-mr.png,74960786.5,2171481.0,8333796.90905878,60015.91691191005,557751646.0,8101121.0,8242849.121157505,45041.14758956959,1810721556.75,17455863.0,8147823.295833053,42724.88508338885,1483737638.75,12462421.25,8227906.945653949,47092.66420685113
p214-010-60880-cl.png,251327037.5,6904856.5,8105011.696545855,46415.77540777002,1235399381.5,19284651.25,7958660.651965255,53958.61697549265,2808956984.75,29508175.0,7952104.8964634705,61504.26648199485,2072480130.0,18104472.0,8165789.417691501,56017.95249565246
p214-010-60880-cr.png,85688512.75,3030794.25,8209746.51848645,61166.26262581907,609770771.75,10033996.0,8143417.978961524,45838.43315973731,1655275579.25,17672226.5,8129411.173294027,43831.944276126815,1259975048.75,11602991.0,8219829.029901816,33552.15215015196
p214-010-60880-ml.png,128687975.5,4756271.75,7991684.807961021,76250.62676700328,841333678.0,13157599.5,8052426.785855407,51474.19134447198,2738634152.25,26407463.0,7951356.56817895,48719.76841174252,2283989356.25,18904132.0,8057997.692976181,62066.33208436613
p214-010-60880-mr.png,92171505.5,3249013.75,8123630.0897806715,55636.31035281726,632186381.5,9543552.25,8170302.060081802,59591.967387896104,2242768397.75,21695865.0,8022295.504724352,59040.01129674142,1919142938.5,16079268.5,8127216.650717871,54505.59182656265
p214-010-60916-cl.png,205792863.25,6777503.25,13101261.206381598,58621.75063139151,1832801305.0,31100501.25,12717821.843669774,88451.32176888501,4823863020.0,58724831.5,12480793.858753076,109585.46251445773,3770505981.25,37701893.0,12998620.105779307,85485.73112036163
p214-010-60916-cr.png,235567604.0,7054967.25,13144799.280914698,51965.14709589643,1888751507.0,31028142.0,12783061.763075575,84216.87483063202,4760845934.25,57214412.0,12537266.476584096,101823.1107245704,3645971002.25,36086944.25,13033245.341368407,70089.38830249399
p214-010-60916-ml.png,427583284.75,10729714.0,12924884.197741747,54704.914749267315,3257168134.0,44338107.5,12511310.477717698,88676.5696948894,7778865452.75,76930074.5,12388224.239603132,106238.43515147627,5577643977.5,47139296.75,12857670.20561128,81795.34436799966
p214-010-60916-mr.png,719359316.25,15441419.0,12823821.572728362,65839.25704034296,3121351587.0,42635574.0,12608665.124437843,89921.31018890653,6188831102.5,62044042.25,12588973.250182023,87407.73786163259,4375966214.0,37729589.5,12959232.939285364,63447.356372815026
p214-010-60929-cl.png,343308230.75,8436131.75,8033565.937556233,49733.29088822785,1643736750.75,22288477.75,7924729.1281193085,48198.15108099277,3241775640.5,29977919.25,7948068.797945706,49525.483378595396,2082844457.75,15740574.5,8209263.226867111,60840.83398404765
p214-010-60929-cr.png,279676986.25,7923287.0,8005277.718451619,63049.191697833754,1261553202.5,19931402.0,7913360.588550638,57788.79184369427,2388092792.75,25183045.5,7994806.927453639,54824.65006672179,1533844645.25,13145517.0,8230180.224626204,41606.248754046734
p214-010-60929-ml.png,260554394.25,5938663.5,8109316.410506099,51365.86222668513,1168278021.0,16652912.5,7986204.377439678,57879.479983118996,1962413618.75,20771300.25,8007918.595069687,64165.13542906583,1088088812.75,9491901.75,8301825.357585049,38015.74426849335
p214-010-60929-mr.png,276762238.0,6283507.0,8140241.570842189,45176.396431173256,1104975075.75,16549736.25,7962286.555672351,54550.22782270567,2048891043.25,21572970.5,8011227.092845637,42834.67317758063,1329318492.5,11778543.0,8241097.736960307,47140.23953502336
p214-010-61062-cl.png,614638591.0,17652067.5,12475675.72608981,89607.67694271124,2975933185.75,51251090.75,12088647.66744443,131552.0787484526,7031302446.0,85521178.25,11936598.95343884,150961.1623918126,5602215824.25,57486897.75,12561325.85132873,111346.19023611088
p214-010-61062-cr.png,451097170.25,14098458.0,12537436.401883002,93704.62862186211,2256362531.25,39860727.75,12327361.147470362,105423.76520350241,6433166603.0,76839041.5,12044948.911565889,123945.71657469662,5580828034.75,57196812.25,12421052.375163177,101206.69035754503
p214-010-61062-ml.png,805719838.75,20826829.5,12340597.378617862,100356.7851206802,2972053827.25,47804064.75,12290021.125769157,107882.95173446242,6704617981.0,74962940.5,12128070.732726216,117638.88555153523,5466720557.0,51860188.75,12604911.755368669,90924.58739385166
p214-010-61062-mr.png,1027313539.75,23916031.75,12285641.762933845,101044.07315359991,3467534421.75,51988129.75,12310855.479798893,123622.8090708745,7073060265.25,75819784.5,12247984.40505642,114447.39572767465,5639091783.75,52353336.75,12618282.286094874,82184.88116802034
p214-010-61236-cl.png,485003957.0,13856442.25,12552640.162282486,78656.26852337102,2504085994.75,37268399.25,12607440.967898231,83525.88070238085,6104627791.5,63209082.0,12423852.426622808,86656.2083825346,4691224456.5,40623845.75,12897366.623257263,72379.14129226404
p214-010-61236-cr.png,231922199.5,7337802.5,12953712.946192078,73295.66346421943,1759975142.75,28044122.25,12695896.122769205,78989.93330481226,5100930621.75,55911772.0,12445759.221437205,94496.71965295053,4057201406.75,37218353.5,12901325.529499523,72091.50888135214
p214-010-61236-ml.png,411944787.25,12837603.25,12478485.37649113,82860.85205899626,2479950554.75,37359964.25,12569831.14044103,81277.68517473362,6319265228.5,66118337.25,12384496.193505846,101061.234824818,4863299936.75,43285249.0,12794603.121305287,67080.27541948995
p214-010-61236-mr.png,548002720.0,14181150.25,12526271.429235598,76803.1160196398,2306562085.75,32920287.75,12738406.621725552,79490.20933851079,5623695170.5,56275787.5,12544437.566657145,78178.84741879709,4480500147.25,38590333.75,12857259.495954197,65334.50973665899
p214-010-61246-cl.png,748681881.75,17090168.0,7756303.567891152,73126.46084401396,2486788239.0,39131837.0,7457380.817416171,91697.48502975155,2686815774.0,31075325.0,7870723.925936407,55661.43908634642,912165669.0,7624326.75,8393142.714076536,49195.519027695744
p214-010-61246-cr.png,700416267.0,15416601.0,7878362.032930275,60515.106940398065,2301425523.5,35669377.25,7606883.598905219,81047.09767112773,2630762446.5,30382543.25,7933601.463408649,73242.75064607803,1075138515.5,9719019.25,8353254.773592699,52612.20384593125
p214-010-61246-ml.png,491843940.5,12638767.25,7824148.943255133,59289.66020552775,1857186018.0,29925552.0,7664220.384173039,70439.7651657712,2528964460.5,28633788.75,7945248.434600724,57960.34466022496,1222484830.0,10886120.25,8319054.376487939,47120.895445929236
p214-010-61246-mr.png,562624194.5,14212447.75,7779191.229073463,71351.48305257875,1818486638.5,29894964.5,7683001.019952742,71713.40572924571,2205349656.75,25585608.5,7993823.902134405,64564.84362587273,1032501698.0,9219161.25,8345237.565281198,46399.709735138764
p214-010-61445-cl.png,109510856.5,3260134.5,13337905.071574131,62122.511891861424,976262330.25,14133363.0,13251132.441800382,55784.7934757077,3149591188.0,34073357.0,12941050.366011517,68961.47629668143,2617595495.0,24106285.0,13203853.279459748,67474.19962517565
p214-010-61445-cr.png,131306744.75,3423928.5,13386392.220719405,59155.543282912564,1452091680.5,19658537.0,13179576.681369625,57478.19292229346,3754426852.0,39773271.25,12910454.764041467,71170.5850643467,2725464663.5,24594653.75,13232224.267472614,62266.052748867114
p214-010-61445-ml.png,282482573.5,6956791.5,13095998.131900424,59583.758956649006,1757267608.5,23141955.0,13131278.1183002,64352.61074954299,4412240939.25,46281251.75,12719144.213161435,82249.50758160758,3308043181.75,29568708.0,13164919.055973206,72945.27924943782
p214-010-61445-mr.png,348982571.0,7224608.75,13139685.816404466,45389.97043535413,2108306386.75,25377364.5,13110616.631177673,72470.22158535436,4659148755.5,45540457.5,12809577.388797827,73997.06807211135,3167452582.0,26986616.75,13185066.32235123,62991.67013086171
p214-010-61546-cl.png,178123201.75,5682056.0,13214308.679923732,44045.925627253375,1841601817.75,29535290.0,12835469.158064267,80227.43293605893,4038889875.5,48152957.5,12646689.793381728,86242.58113639159,2473365293.25,23224135.25,13259789.722321536,54762.75173379625
p214-010-61546-cr.png,268479243.5,7538692.75,13169396.268512756,46504.87168422378,2136317373.0,34496079.0,12671959.668855557,87039.34585661232,4102808543.25,49240676.0,12643375.743746929,93287.7669297552,2294852354.75,22010815.5,13272879.950030582,62073.60998323487
p214-010-61546-ml.png,438639392.5,10760794.25,12894906.71891959,65476.66738366023,2026070042.75,27475098.0,12983766.73424845,72329.23145301812,4427895341.25,44109517.25,12792990.434928387,58436.0355054782,3177189254.25,26206097.0,13194615.837852055,49319.73741908894
p214-010-61546-mr.png,579669278.5,13738693.75,12783246.141263708,64675.52691199621,2447821075.75,34091459.75,12765031.286955437,66384.26662862071,3702918211.0,37691927.25,12919209.660627358,60950.91058911165,1872309019.75,15185939.25,13382810.837169547,62712.16498292143
p214-010-61626-cl.png,621507609.75,20013951.25,12194947.515779406,122893.12597977521,3529872114.75,66278722.75,11616299.979025155,186500.16408443675,8720565316.25,119201968.0,10901591.709937396,229766.1959737225,6908923904.75,77358963.5,12162528.140984148,153364.54336177258
p214-010-61626-cr.png,653362003.5,20380546.0,12276848.435743557,117290.96997905915,4004053601.25,73169093.25,11541531.99787174,201377.7045051231,9188468756.0,124010602.0,10931600.697051339,232580.28395172057,6915903970.0,75360893.5,12340299.299456526,149067.4981076207
p214-010-61626-ml.png,1051025347.5,26805634.5,12013486.215715256,120115.40958105179,4912010831.0,76484384.25,11658406.160527404,171020.60564990097,9091145135.5,106223076.75,11428300.12265343,168580.86528370925,5763294601.0,54372209.75,12732974.928278692,93695.19267094298
p214-010-61626-mr.png,1218621494.25,29739054.25,11972500.121141104,120031.93100102973,5481915895.75,82680202.0,11620335.995274315,175535.88037011714,9940103519.5,113023843.25,11488994.276328586,176764.69726092642,6444831820.75,60847349.0,12622846.750829369,100034.23246592602
p214-010-61823-cl.png,537426501.5,15964990.5,12564012.8316345,86004.55345209019,2573393565.5,43264657.0,12365917.544640787,101213.25859634586,6280183852.5,70230506.5,12264091.990852311,99405.65244906835,5107219535.75,46511672.75,12805785.347536128,66673.82511776293
p214-010-61823-cr.png,460808301.5,14519876.75,12564022.515543524,88588.08584279087,2428715295.75,41893406.5,12313627.470905628,92997.24683540655,5914667989.25,67277131.75,12244977.68719542,99192.24971828595,4609522975.25,42388686.5,12843260.44253579,79762.82046113783
p214-010-61823-ml.png,586927766.0,16420294.75,12372726.631720327,94843.4397754712,2500454354.75,39602594.25,12495556.682028096,88640.19779737169,5322717812.0,59399095.0,12411038.741881777,97506.01863340242,3929111411.25,37089490.0,12857921.564898828,62949.997332870844
p214-010-61823-mr.png,709775806.75,18732646.75,12280310.689102028,92843.95689637295,2806237284.25,42653893.0,12467970.898896549,95638.62483371743,5161131804.5,56264192.75,12546121.809692115,85358.41595710897,3496273283.5,32301573.75,13000208.686171705,57370.109716023435
p214-010-62144-cl.png,622204729.25,19715783.25,12201993.37222366,107114.3671694123,3425116046.0,58586716.0,11821886.049084038,123108.67082605949,7904421193.25,88846800.25,11888431.372954568,126697.75843890719,5901139080.25,53926247.0,12626215.973294869,86340.66719630727
p214-010-62144-cr.png,470954127.0,14593719.75,12617560.7393674,91394.43525027888,2875406317.75,50949020.75,11966428.281563543,123414.24322980958,6673496167.25,79497136.5,12018311.271148136,124513.6991751443,4912653276.0,47705592.0,12734233.846962921,82654.34319188428
p214-010-62144-ml.png,529224812.0,16334315.5,12162778.266537398,104803.7584473107,4287022083.75,62149193.0,12018776.366692867,130427.47903102051,10218957011.75,108315770.25,11691681.022769555,146824.77085014747,7171420690.75,63351777.25,12600470.950694446,100509.70944004909
p214-010-62144-mr.png,810597403.0,21639192.25,12288115.630533334,95373.91409059796,4445192947.75,67170927.75,12017507.689914484,134830.8382540823,9909917688.5,108897622.5,11712624.61485689,153215.62906610977,7364322008.5,66790130.0,12562980.178789482,100835.26266460505
p214-010-62326-cl.png,772258025.75,23228848.0,12095542.2625672,120653.9736783588,3626877434.0,63442001.5,11652085.360678634,152784.76593113499,7129264168.25,86266198.5,11799335.12473866,135589.4251073824,4844354168.5,47869570.0,12693989.12240288,92091.03917699907
p214-010-62326-cr.png,682641775.0,21708595.75,11904224.417018406,117222.79377367714,3039968890.75,50153021.5,12095583.652203847,110179.09360067597,7700503500.5,83365593.25,11895122.4129919,110437.53603978413,6267423046.75,55907165.75,12549883.022831004,85918.03539514245
p214-010-62326-ml.png,1211954071.75,32862376.0,11611343.117260508,144893.91589236137,4476868058.5,73060100.0,11583328.646175392,160250.30890210028,8054441170.75,91114671.25,11789570.97289712,132320.61459842743,5593146355.75,52067724.5,12633775.659856401,91309.22374042499
p214-010-62326-mr.png,1254322340.0,32174508.5,11649041.974100554,130790.75942907628,4421410212.0,67482193.75,11809927.328070212,136142.93009045307,7072581048.25,75297020.25,12112721.549756635,106403.75158118061,4395407765.0,37936950.5,12904307.58090504,66287.0937517758
p214-010-62465-cl.png,646922355.5,20791004.25,11863996.555406064,123531.42543072892,3168431200.0,51709603.25,12062094.967686094,110815.03526685675,8479095951.75,91293741.0,11884222.616104081,122488.0196356597,7083793096.0,64714551.0,12352773.310014924,92295.02172921762
p214-010-62465-cr.png,620195338.25,17769271.5,12391483.143350357,90913.35916589168,3360735279.5,52912712.75,12078206.4676789,106063.79289754719,7536543591.75,82059406.75,12029427.065360058,119895.86574542557,5406765461.0,48813184.25,12721630.380606662,86403.51600981405
p214-010-62465-ml.png,638477499.5,18936344.25,11952446.589982681,127259.67956210366,3228025203.0,51132328.0,12108247.340489969,120355.13742752225,8574354340.25,94611301.75,11740613.547212476,139723.5125947222,6974256486.75,66579063.5,12207451.0486149,106721.4520766273
p214-010-62465-mr.png,554966533.5,16690319.0,12186318.768470062,108251.48999044696,2930588656.25,46756891.75,12313584.44392976,115296.73729441717,7083095815.5,80894761.0,12025431.973500438,125770.36863315928,5431879067.75,52675021.75,12594691.610426564,96405.71053847266
