,x,y,radius,breast_area
test_Mix_DPerc0_c_0.dcm,1718.0,329.0,22.627416997969526,421792
test_Mix_DPerc0_c_0.dcm,1736.0,310.0,16.000000000000004,421792
test_Mix_DPerc0_c_0.dcm,1679.0,343.0,16.000000000000004,421792
test_Mix_DPerc0_c_0.dcm,1651.0,377.0,16.000000000000004,421792
test_Mix_DPerc0_c_0.dcm,1623.0,411.0,16.000000000000004,421792
test_Mix_DPerc0_c_0.dcm,1585.0,460.0,16.000000000000004,421792
test_Mix_DPerc0_c_0.dcm,1561.0,489.0,11.313708498984761,421792
test_Mix_DPerc0_c_0.dcm,1551.0,521.0,11.313708498984761,421792
test_Mix_DPerc0_c_0.dcm,1526.0,547.0,11.313708498984761,421792
test_Mix_DPerc0_c_0.dcm,1503.0,596.0,11.313708498984761,421792
test_Mix_DPerc0_c_0.dcm,1491.0,624.0,11.313708498984761,421792
test_Mix_DPerc0_c_0.dcm,1485.0,644.0,11.313708498984761,421792
test_Mix_DPerc0_c_0.dcm,1476.0,671.0,11.313708498984761,421792
test_Mix_DPerc0_c_0.dcm,1461.0,709.0,11.313708498984761,421792
test_Mix_DPerc0_c_0.dcm,1459.0,726.0,11.313708498984761,421792
test_Mix_DPerc0_c_0.dcm,1435.0,795.0,11.313708498984761,421792
test_Mix_DPerc0_c_0.dcm,1428.0,821.0,11.313708498984761,421792
test_Mix_DPerc0_c_0.dcm,1420.0,856.0,11.313708498984761,421792
test_Mix_DPerc0_c_0.dcm,1380.0,1074.0,11.313708498984761,421792
test_Mix_DPerc0_c_0.dcm,1377.0,1098.0,11.313708498984761,421792
test_Mix_DPerc0_c_0.dcm,1751.0,291.0,8.0,421792
test_Mix_DPerc0_c_0.dcm,1643.0,393.0,8.0,421792
test_Mix_DPerc0_c_0.dcm,1566.0,474.0,8.0,421792
test_Mix_DPerc0_c_0.dcm,1416.0,837.0,8.0,421792
test_Mix_DPerc0_c_0.dcm,1397.0,948.0,8.0,421792
test_Mix_DPerc0_c_0.dcm,1382.0,1045.0,8.0,421792
test_Mix_DPerc0_c_1.dcm,1716.0,331.0,22.627416997969526,421792
test_Mix_DPerc0_c_1.dcm,1736.0,310.0,16.000000000000004,421792
test_Mix_DPerc0_c_1.dcm,1675.0,349.0,16.000000000000004,421792
test_Mix_DPerc0_c_1.dcm,1650.0,379.0,16.000000000000004,421792
test_Mix_DPerc0_c_1.dcm,1621.0,414.0,16.000000000000004,421792
test_Mix_DPerc0_c_1.dcm,1586.0,457.0,16.000000000000004,421792
test_Mix_DPerc0_c_1.dcm,1561.0,500.0,16.000000000000004,421792
test_Mix_DPerc0_c_1.dcm,1751.0,296.0,11.313708498984761,421792
test_Mix_DPerc0_c_1.dcm,1526.0,550.0,11.313708498984761,421792
test_Mix_DPerc0_c_1.dcm,1490.0,628.0,11.313708498984761,421792
test_Mix_DPerc0_c_1.dcm,1484.0,647.0,11.313708498984761,421792
test_Mix_DPerc0_c_1.dcm,1474.0,676.0,11.313708498984761,421792
test_Mix_DPerc0_c_1.dcm,1460.0,711.0,11.313708498984761,421792
test_Mix_DPerc0_c_1.dcm,1458.0,729.0,11.313708498984761,421792
test_Mix_DPerc0_c_1.dcm,1433.0,798.0,11.313708498984761,421792
test_Mix_DPerc0_c_1.dcm,1427.0,823.0,11.313708498984761,421792
test_Mix_DPerc0_c_1.dcm,1419.0,860.0,11.313708498984761,421792
test_Mix_DPerc0_c_1.dcm,1377.0,1102.0,11.313708498984761,421792
test_Mix_DPerc0_c_1.dcm,1685.0,324.0,8.0,421792
test_Mix_DPerc0_c_1.dcm,1679.0,332.0,8.0,421792
test_Mix_DPerc0_c_1.dcm,1655.0,356.0,8.0,421792
test_Mix_DPerc0_c_1.dcm,1549.0,520.0,8.0,421792
test_Mix_DPerc0_c_1.dcm,1472.0,662.0,8.0,421792
test_Mix_DPerc0_c_10.dcm,1716.0,344.0,22.627416997969526,421516
test_Mix_DPerc0_c_10.dcm,1659.0,389.0,22.627416997969526,421516
test_Mix_DPerc0_c_10.dcm,1589.0,471.0,22.627416997969526,421516
test_Mix_DPerc0_c_10.dcm,1740.0,331.0,16.000000000000004,421516
test_Mix_DPerc0_c_10.dcm,1615.0,423.0,16.000000000000004,421516
test_Mix_DPerc0_c_10.dcm,1556.0,514.0,16.000000000000004,421516
test_Mix_DPerc0_c_10.dcm,1538.0,545.0,16.000000000000004,421516
test_Mix_DPerc0_c_10.dcm,1523.0,577.0,16.000000000000004,421516
test_Mix_DPerc0_c_10.dcm,1524.0,561.0,11.313708498984761,421516
test_Mix_DPerc0_c_10.dcm,1496.0,621.0,11.313708498984761,421516
test_Mix_DPerc0_c_10.dcm,1490.0,638.0,11.313708498984761,421516
test_Mix_DPerc0_c_10.dcm,1483.0,656.0,11.313708498984761,421516
test_Mix_DPerc0_c_10.dcm,1475.0,674.0,11.313708498984761,421516
test_Mix_DPerc0_c_10.dcm,1465.0,698.0,11.313708498984761,421516
test_Mix_DPerc0_c_10.dcm,1456.0,724.0,11.313708498984761,421516
test_Mix_DPerc0_c_10.dcm,1452.0,741.0,11.313708498984761,421516
test_Mix_DPerc0_c_10.dcm,1554.0,491.0,8.0,421516
test_Mix_DPerc0_c_11.dcm,1722.0,346.0,22.627416997969526,421516
test_Mix_DPerc0_c_11.dcm,1658.0,390.0,22.627416997969526,421516
test_Mix_DPerc0_c_11.dcm,1612.0,445.0,22.627416997969526,421516
test_Mix_DPerc0_c_11.dcm,1588.0,473.0,22.627416997969526,421516
test_Mix_DPerc0_c_11.dcm,1741.0,333.0,16.000000000000004,421516
test_Mix_DPerc0_c_11.dcm,1685.0,368.0,16.000000000000004,421516
test_Mix_DPerc0_c_11.dcm,1554.0,517.0,16.000000000000004,421516
test_Mix_DPerc0_c_11.dcm,1537.0,547.0,16.000000000000004,421516
test_Mix_DPerc0_c_11.dcm,1528.0,562.0,16.000000000000004,421516
test_Mix_DPerc0_c_11.dcm,1484.0,670.0,16.000000000000004,421516
test_Mix_DPerc0_c_11.dcm,1538.0,531.0,11.313708498984761,421516
test_Mix_DPerc0_c_11.dcm,1508.0,591.0,11.313708498984761,421516
test_Mix_DPerc0_c_11.dcm,1494.0,627.0,11.313708498984761,421516
test_Mix_DPerc0_c_11.dcm,1465.0,699.0,11.313708498984761,421516
test_Mix_DPerc0_c_11.dcm,1457.0,722.0,11.313708498984761,421516
test_Mix_DPerc0_c_11.dcm,1452.0,741.0,11.313708498984761,421516
test_Mix_DPerc0_c_11.dcm,1441.0,770.0,11.313708498984761,421516
test_Mix_DPerc0_c_11.dcm,1434.0,799.0,11.313708498984761,421516
test_Mix_DPerc0_c_11.dcm,1703.0,366.0,8.0,421516
test_Mix_DPerc0_c_11.dcm,1626.0,403.0,8.0,421516
test_Mix_DPerc0_c_11.dcm,1556.0,495.0,8.0,421516
test_Mix_DPerc0_c_11.dcm,1497.0,601.0,8.0,421516
test_Mix_DPerc0_c_11.dcm,1463.0,686.0,8.0,421516
test_Mix_DPerc0_c_12.dcm,1718.0,356.0,32.00000000000001,421312
test_Mix_DPerc0_c_12.dcm,1654.0,397.0,22.627416997969526,421312
test_Mix_DPerc0_c_12.dcm,1588.0,477.0,22.627416997969526,421312
test_Mix_DPerc0_c_12.dcm,1685.0,371.0,16.000000000000004,421312
test_Mix_DPerc0_c_12.dcm,1613.0,432.0,16.000000000000004,421312
test_Mix_DPerc0_c_12.dcm,1594.0,453.0,16.000000000000004,421312
test_Mix_DPerc0_c_12.dcm,1554.0,520.0,16.000000000000004,421312
test_Mix_DPerc0_c_12.dcm,1526.0,571.0,16.000000000000004,421312
test_Mix_DPerc0_c_12.dcm,1503.0,627.0,16.000000000000004,421312
test_Mix_DPerc0_c_12.dcm,1484.0,675.0,16.000000000000004,421312
test_Mix_DPerc0_c_12.dcm,1467.0,717.0,16.000000000000004,421312
test_Mix_DPerc0_c_12.dcm,1534.0,545.0,11.313708498984761,421312
test_Mix_DPerc0_c_12.dcm,1507.0,597.0,11.313708498984761,421312
test_Mix_DPerc0_c_12.dcm,1466.0,701.0,11.313708498984761,421312
test_Mix_DPerc0_c_12.dcm,1453.0,743.0,11.313708498984761,421312
test_Mix_DPerc0_c_12.dcm,1441.0,774.0,11.313708498984761,421312
test_Mix_DPerc0_c_12.dcm,1431.0,810.0,11.313708498984761,421312
test_Mix_DPerc0_c_12.dcm,1414.0,886.0,11.313708498984761,421312
test_Mix_DPerc0_c_12.dcm,1627.0,406.0,8.0,421312
test_Mix_DPerc0_c_12.dcm,1555.0,497.0,8.0,421312
test_Mix_DPerc0_c_12.dcm,1538.0,533.0,8.0,421312
test_Mix_DPerc0_c_12.dcm,1497.0,604.0,8.0,421312
test_Mix_DPerc0_c_13.dcm,1725.0,353.0,22.627416997969526,421312
test_Mix_DPerc0_c_13.dcm,1653.0,399.0,22.627416997969526,421312
test_Mix_DPerc0_c_13.dcm,1611.0,450.0,22.627416997969526,421312
test_Mix_DPerc0_c_13.dcm,1587.0,479.0,22.627416997969526,421312
test_Mix_DPerc0_c_13.dcm,1684.0,375.0,16.000000000000004,421312
test_Mix_DPerc0_c_13.dcm,1553.0,522.0,16.000000000000004,421312
test_Mix_DPerc0_c_13.dcm,1538.0,548.0,16.000000000000004,421312
test_Mix_DPerc0_c_13.dcm,1524.0,577.0,16.000000000000004,421312
test_Mix_DPerc0_c_13.dcm,1484.0,674.0,16.000000000000004,421312
test_Mix_DPerc0_c_13.dcm,1505.0,601.0,11.313708498984761,421312
test_Mix_DPerc0_c_13.dcm,1492.0,635.0,11.313708498984761,421312
test_Mix_DPerc0_c_13.dcm,1472.0,687.0,11.313708498984761,421312
test_Mix_DPerc0_c_13.dcm,1466.0,702.0,11.313708498984761,421312
test_Mix_DPerc0_c_13.dcm,1457.0,728.0,11.313708498984761,421312
test_Mix_DPerc0_c_13.dcm,1452.0,746.0,11.313708498984761,421312
test_Mix_DPerc0_c_13.dcm,1440.0,777.0,11.313708498984761,421312
test_Mix_DPerc0_c_13.dcm,1429.0,815.0,11.313708498984761,421312
test_Mix_DPerc0_c_13.dcm,1413.0,887.0,11.313708498984761,421312
test_Mix_DPerc0_c_13.dcm,1703.0,371.0,8.0,421312
test_Mix_DPerc0_c_13.dcm,1625.0,410.0,8.0,421312
test_Mix_DPerc0_c_13.dcm,1561.0,498.0,8.0,421312
test_Mix_DPerc0_c_13.dcm,1494.0,612.0,8.0,421312
test_Mix_DPerc0_c_14.dcm,1720.0,358.0,22.627416997969526,421155
test_Mix_DPerc0_c_14.dcm,1588.0,482.0,22.627416997969526,421155
test_Mix_DPerc0_c_14.dcm,1742.0,343.0,16.000000000000004,421155
test_Mix_DPerc0_c_14.dcm,1684.0,380.0,16.000000000000004,421155
test_Mix_DPerc0_c_14.dcm,1659.0,399.0,16.000000000000004,421155
test_Mix_DPerc0_c_14.dcm,1616.0,441.0,16.000000000000004,421155
test_Mix_DPerc0_c_14.dcm,1553.0,526.0,16.000000000000004,421155
test_Mix_DPerc0_c_14.dcm,1540.0,549.0,16.000000000000004,421155
test_Mix_DPerc0_c_14.dcm,1525.0,579.0,16.000000000000004,421155
test_Mix_DPerc0_c_14.dcm,1501.0,635.0,16.000000000000004,421155
test_Mix_DPerc0_c_14.dcm,1485.0,676.0,16.000000000000004,421155
test_Mix_DPerc0_c_14.dcm,1504.0,606.0,11.313708498984761,421155
test_Mix_DPerc0_c_14.dcm,1467.0,702.0,11.313708498984761,421155
test_Mix_DPerc0_c_14.dcm,1457.0,732.0,11.313708498984761,421155
test_Mix_DPerc0_c_14.dcm,1453.0,749.0,11.313708498984761,421155
test_Mix_DPerc0_c_14.dcm,1440.0,781.0,11.313708498984761,421155
test_Mix_DPerc0_c_14.dcm,1430.0,818.0,11.313708498984761,421155
test_Mix_DPerc0_c_14.dcm,1413.0,891.0,11.313708498984761,421155
test_Mix_DPerc0_c_14.dcm,1626.0,413.0,8.0,421155
test_Mix_DPerc0_c_14.dcm,1561.0,500.0,8.0,421155
test_Mix_DPerc0_c_2.dcm,1723.0,340.0,22.627416997969526,421155
test_Mix_DPerc0_c_2.dcm,1746.0,317.0,16.000000000000004,421155
test_Mix_DPerc0_c_2.dcm,1696.0,347.0,16.000000000000004,421155
test_Mix_DPerc0_c_2.dcm,1651.0,384.0,16.000000000000004,421155
test_Mix_DPerc0_c_2.dcm,1627.0,418.0,16.000000000000004,421155
test_Mix_DPerc0_c_2.dcm,1565.0,505.0,16.000000000000004,421155
test_Mix_DPerc0_c_2.dcm,1498.0,635.0,16.000000000000004,421155
test_Mix_DPerc0_c_2.dcm,1383.0,1109.0,16.000000000000004,421155
test_Mix_DPerc0_c_2.dcm,1734.0,1708.0,11.313708498984761,421155
test_Mix_DPerc0_c_2.dcm,1703.0,1699.0,11.313708498984761,421155
test_Mix_DPerc0_c_2.dcm,1666.0,362.0,11.313708498984761,421155
test_Mix_DPerc0_c_2.dcm,1633.0,1677.0,11.313708498984761,421155
test_Mix_DPerc0_c_2.dcm,1616.0,1671.0,11.313708498984761,421155
test_Mix_DPerc0_c_2.dcm,1586.0,462.0,11.313708498984761,421155
test_Mix_DPerc0_c_2.dcm,1551.0,527.0,11.313708498984761,421155
test_Mix_DPerc0_c_2.dcm,1530.0,554.0,11.313708498984761,421155
test_Mix_DPerc0_c_2.dcm,1486.0,654.0,11.313708498984761,421155
test_Mix_DPerc0_c_2.dcm,1476.0,682.0,11.313708498984761,421155
test_Mix_DPerc0_c_2.dcm,1462.0,716.0,11.313708498984761,421155
test_Mix_DPerc0_c_2.dcm,1461.0,732.0,11.313708498984761,421155
test_Mix_DPerc0_c_2.dcm,1444.0,768.0,11.313708498984761,421155
test_Mix_DPerc0_c_2.dcm,1435.0,800.0,11.313708498984761,421155
test_Mix_DPerc0_c_2.dcm,1429.0,826.0,11.313708498984761,421155
test_Mix_DPerc0_c_2.dcm,1420.0,866.0,11.313708498984761,421155
test_Mix_DPerc0_c_2.dcm,1402.0,955.0,11.313708498984761,421155
test_Mix_DPerc0_c_2.dcm,1383.0,1064.0,11.313708498984761,421155
test_Mix_DPerc0_c_2.dcm,1651.0,1689.0,8.0,421155
test_Mix_DPerc0_c_2.dcm,1603.0,427.0,8.0,421155
test_Mix_DPerc0_c_2.dcm,1574.0,476.0,8.0,421155
test_Mix_DPerc0_c_2.dcm,1526.0,1617.0,8.0,421155
test_Mix_DPerc0_c_2.dcm,1417.0,845.0,8.0,421155
test_Mix_DPerc0_c_2.dcm,1369.0,1194.0,8.0,421155
test_Mix_DPerc0_c_3.dcm,1724.0,344.0,22.627416997969526,421060
test_Mix_DPerc0_c_3.dcm,1748.0,321.0,16.000000000000004,421060
test_Mix_DPerc0_c_3.dcm,1696.0,352.0,16.000000000000004,421060
test_Mix_DPerc0_c_3.dcm,1651.0,386.0,16.000000000000004,421060
test_Mix_DPerc0_c_3.dcm,1629.0,421.0,16.000000000000004,421060
test_Mix_DPerc0_c_3.dcm,1566.0,507.0,16.000000000000004,421060
test_Mix_DPerc0_c_3.dcm,1491.0,665.0,16.000000000000004,421060
test_Mix_DPerc0_c_3.dcm,1383.0,1110.0,16.000000000000004,421060
test_Mix_DPerc0_c_3.dcm,1733.0,1712.0,11.313708498984761,421060
test_Mix_DPerc0_c_3.dcm,1730.0,320.0,11.313708498984761,421060
test_Mix_DPerc0_c_3.dcm,1703.0,1703.0,11.313708498984761,421060
test_Mix_DPerc0_c_3.dcm,1664.0,368.0,11.313708498984761,421060
test_Mix_DPerc0_c_3.dcm,1650.0,1686.0,11.313708498984761,421060
test_Mix_DPerc0_c_3.dcm,1633.0,1681.0,11.313708498984761,421060
test_Mix_DPerc0_c_3.dcm,1616.0,1674.0,11.313708498984761,421060
test_Mix_DPerc0_c_3.dcm,1586.0,466.0,11.313708498984761,421060
test_Mix_DPerc0_c_3.dcm,1551.0,531.0,11.313708498984761,421060
test_Mix_DPerc0_c_3.dcm,1531.0,558.0,11.313708498984761,421060
test_Mix_DPerc0_c_3.dcm,1491.0,642.0,11.313708498984761,421060
test_Mix_DPerc0_c_3.dcm,1476.0,686.0,11.313708498984761,421060
test_Mix_DPerc0_c_3.dcm,1462.0,719.0,11.313708498984761,421060
test_Mix_DPerc0_c_3.dcm,1461.0,734.0,11.313708498984761,421060
test_Mix_DPerc0_c_3.dcm,1445.0,770.0,11.313708498984761,421060
test_Mix_DPerc0_c_3.dcm,1435.0,805.0,11.313708498984761,421060
test_Mix_DPerc0_c_3.dcm,1429.0,830.0,11.313708498984761,421060
test_Mix_DPerc0_c_3.dcm,1420.0,870.0,11.313708498984761,421060
test_Mix_DPerc0_c_3.dcm,1403.0,955.0,11.313708498984761,421060
test_Mix_DPerc0_c_3.dcm,1401.0,968.0,11.313708498984761,421060
test_Mix_DPerc0_c_3.dcm,1384.0,1067.0,11.313708498984761,421060
test_Mix_DPerc0_c_3.dcm,1374.0,1183.0,11.313708498984761,421060
test_Mix_DPerc0_c_3.dcm,1681.0,1704.0,8.0,421060
test_Mix_DPerc0_c_3.dcm,1644.0,408.0,8.0,421060
test_Mix_DPerc0_c_3.dcm,1603.0,431.0,8.0,421060
test_Mix_DPerc0_c_3.dcm,1594.0,1669.0,8.0,421060
test_Mix_DPerc0_c_3.dcm,1574.0,477.0,8.0,421060
test_Mix_DPerc0_c_3.dcm,1527.0,1622.0,8.0,421060
test_Mix_DPerc0_c_3.dcm,1473.0,674.0,8.0,421060
test_Mix_DPerc0_c_3.dcm,1417.0,849.0,8.0,421060
test_Mix_DPerc0_c_3.dcm,1375.0,1085.0,8.0,421060
test_Mix_DPerc0_c_3.dcm,1369.0,1197.0,8.0,421060
test_Mix_DPerc0_c_4.dcm,1721.0,346.0,22.627416997969526,421060
test_Mix_DPerc0_c_4.dcm,1747.0,321.0,16.000000000000004,421060
test_Mix_DPerc0_c_4.dcm,1696.0,351.0,16.000000000000004,421060
test_Mix_DPerc0_c_4.dcm,1656.0,381.0,16.000000000000004,421060
test_Mix_DPerc0_c_4.dcm,1627.0,425.0,16.000000000000004,421060
test_Mix_DPerc0_c_4.dcm,1565.0,509.0,16.000000000000004,421060
test_Mix_DPerc0_c_4.dcm,1610.0,432.0,11.313708498984761,421060
test_Mix_DPerc0_c_4.dcm,1587.0,466.0,11.313708498984761,421060
test_Mix_DPerc0_c_4.dcm,1530.0,561.0,11.313708498984761,421060
test_Mix_DPerc0_c_4.dcm,1490.0,644.0,11.313708498984761,421060
test_Mix_DPerc0_c_4.dcm,1484.0,663.0,11.313708498984761,421060
test_Mix_DPerc0_c_4.dcm,1476.0,687.0,11.313708498984761,421060
test_Mix_DPerc0_c_4.dcm,1460.0,734.0,11.313708498984761,421060
test_Mix_DPerc0_c_4.dcm,1434.0,810.0,11.313708498984761,421060
test_Mix_DPerc0_c_4.dcm,1428.0,835.0,11.313708498984761,421060
test_Mix_DPerc0_c_4.dcm,1419.0,876.0,11.313708498984761,421060
test_Mix_DPerc0_c_4.dcm,1378.0,1111.0,11.313708498984761,421060
test_Mix_DPerc0_c_4.dcm,1731.0,1713.0,8.0,421060
test_Mix_DPerc0_c_4.dcm,1416.0,853.0,8.0,421060
test_Mix_DPerc0_c_4.dcm,1379.0,1072.0,8.0,421060
test_Mix_DPerc0_c_5.dcm,1724.0,348.0,22.627416997969526,421102
test_Mix_DPerc0_c_5.dcm,1747.0,325.0,16.000000000000004,421102
test_Mix_DPerc0_c_5.dcm,1695.0,355.0,16.000000000000004,421102
test_Mix_DPerc0_c_5.dcm,1662.0,382.0,16.000000000000004,421102
test_Mix_DPerc0_c_5.dcm,1626.0,430.0,16.000000000000004,421102
test_Mix_DPerc0_c_5.dcm,1565.0,513.0,16.000000000000004,421102
test_Mix_DPerc0_c_5.dcm,1639.0,392.0,11.313708498984761,421102
test_Mix_DPerc0_c_5.dcm,1610.0,437.0,11.313708498984761,421102
test_Mix_DPerc0_c_5.dcm,1587.0,467.0,11.313708498984761,421102
test_Mix_DPerc0_c_5.dcm,1530.0,563.0,11.313708498984761,421102
test_Mix_DPerc0_c_5.dcm,1490.0,650.0,11.313708498984761,421102
test_Mix_DPerc0_c_5.dcm,1484.0,667.0,11.313708498984761,421102
test_Mix_DPerc0_c_5.dcm,1476.0,690.0,11.313708498984761,421102
test_Mix_DPerc0_c_5.dcm,1460.0,736.0,11.313708498984761,421102
test_Mix_DPerc0_c_5.dcm,1444.0,775.0,11.313708498984761,421102
test_Mix_DPerc0_c_5.dcm,1434.0,814.0,11.313708498984761,421102
test_Mix_DPerc0_c_5.dcm,1428.0,838.0,11.313708498984761,421102
test_Mix_DPerc0_c_5.dcm,1419.0,880.0,11.313708498984761,421102
test_Mix_DPerc0_c_5.dcm,1383.0,1078.0,11.313708498984761,421102
test_Mix_DPerc0_c_5.dcm,1379.0,1112.0,11.313708498984761,421102
test_Mix_DPerc0_c_5.dcm,1750.0,1719.0,8.0,421102
test_Mix_DPerc0_c_5.dcm,1731.0,1717.0,8.0,421102
test_Mix_DPerc0_c_5.dcm,1629.0,1689.0,8.0,421102
test_Mix_DPerc0_c_5.dcm,1611.0,1680.0,8.0,421102
test_Mix_DPerc0_c_5.dcm,1550.0,522.0,8.0,421102
test_Mix_DPerc0_c_5.dcm,1416.0,857.0,8.0,421102
test_Mix_DPerc0_c_5.dcm,1372.0,1123.0,8.0,421102
test_Mix_DPerc0_c_6.dcm,1724.0,349.0,22.627416997969526,421102
test_Mix_DPerc0_c_6.dcm,1690.0,371.0,22.627416997969526,421102
test_Mix_DPerc0_c_6.dcm,1661.0,385.0,16.000000000000004,421102
test_Mix_DPerc0_c_6.dcm,1623.0,434.0,16.000000000000004,421102
test_Mix_DPerc0_c_6.dcm,1563.0,517.0,16.000000000000004,421102
test_Mix_DPerc0_c_6.dcm,1739.0,323.0,11.313708498984761,421102
test_Mix_DPerc0_c_6.dcm,1608.0,440.0,11.313708498984761,421102
test_Mix_DPerc0_c_6.dcm,1587.0,461.0,11.313708498984761,421102
test_Mix_DPerc0_c_6.dcm,1551.0,530.0,11.313708498984761,421102
test_Mix_DPerc0_c_6.dcm,1528.0,565.0,11.313708498984761,421102
test_Mix_DPerc0_c_6.dcm,1510.0,601.0,11.313708498984761,421102
test_Mix_DPerc0_c_6.dcm,1489.0,654.0,11.313708498984761,421102
test_Mix_DPerc0_c_6.dcm,1484.0,668.0,11.313708498984761,421102
test_Mix_DPerc0_c_6.dcm,1476.0,692.0,11.313708498984761,421102
test_Mix_DPerc0_c_6.dcm,1460.0,736.0,11.313708498984761,421102
test_Mix_DPerc0_c_6.dcm,1443.0,779.0,11.313708498984761,421102
test_Mix_DPerc0_c_6.dcm,1433.0,817.0,11.313708498984761,421102
test_Mix_DPerc0_c_6.dcm,1428.0,839.0,11.313708498984761,421102
test_Mix_DPerc0_c_6.dcm,1418.0,877.0,11.313708498984761,421102
test_Mix_DPerc0_c_6.dcm,1379.0,1116.0,11.313708498984761,421102
test_Mix_DPerc0_c_6.dcm,1635.0,394.0,8.0,421102
test_Mix_DPerc0_c_6.dcm,1415.0,860.0,8.0,421102
test_Mix_DPerc0_c_6.dcm,1372.0,1132.0,8.0,421102
test_Mix_DPerc0_c_7.dcm,1724.0,353.0,22.627416997969526,421069
test_Mix_DPerc0_c_7.dcm,1688.0,377.0,22.627416997969526,421069
test_Mix_DPerc0_c_7.dcm,1747.0,329.0,16.000000000000004,421069
test_Mix_DPerc0_c_7.dcm,1662.0,388.0,16.000000000000004,421069
test_Mix_DPerc0_c_7.dcm,1623.0,438.0,16.000000000000004,421069
test_Mix_DPerc0_c_7.dcm,1729.0,329.0,11.313708498984761,421069
test_Mix_DPerc0_c_7.dcm,1587.0,465.0,11.313708498984761,421069
test_Mix_DPerc0_c_7.dcm,1562.0,510.0,11.313708498984761,421069
test_Mix_DPerc0_c_7.dcm,1559.0,523.0,11.313708498984761,421069
test_Mix_DPerc0_c_7.dcm,1551.0,535.0,11.313708498984761,421069
test_Mix_DPerc0_c_7.dcm,1529.0,567.0,11.313708498984761,421069
test_Mix_DPerc0_c_7.dcm,1510.0,607.0,11.313708498984761,421069
test_Mix_DPerc0_c_7.dcm,1489.0,658.0,11.313708498984761,421069
test_Mix_DPerc0_c_7.dcm,1483.0,675.0,11.313708498984761,421069
test_Mix_DPerc0_c_7.dcm,1476.0,694.0,11.313708498984761,421069
test_Mix_DPerc0_c_7.dcm,1460.0,739.0,11.313708498984761,421069
test_Mix_DPerc0_c_7.dcm,1433.0,819.0,11.313708498984761,421069
test_Mix_DPerc0_c_7.dcm,1428.0,843.0,11.313708498984761,421069
test_Mix_DPerc0_c_7.dcm,1419.0,875.0,11.313708498984761,421069
test_Mix_DPerc0_c_7.dcm,1379.0,1119.0,11.313708498984761,421069
test_Mix_DPerc0_c_7.dcm,1622.0,414.0,8.0,421069
test_Mix_DPerc0_c_7.dcm,1372.0,1136.0,8.0,421069
test_Mix_DPerc0_c_8.dcm,1722.0,354.0,22.627416997969526,421069
test_Mix_DPerc0_c_8.dcm,1745.0,330.0,16.000000000000004,421069
test_Mix_DPerc0_c_8.dcm,1685.0,367.0,16.000000000000004,421069
test_Mix_DPerc0_c_8.dcm,1661.0,390.0,16.000000000000004,421069
test_Mix_DPerc0_c_8.dcm,1729.0,330.0,11.313708498984761,421069
test_Mix_DPerc0_c_8.dcm,1623.0,424.0,11.313708498984761,421069
test_Mix_DPerc0_c_8.dcm,1606.0,443.0,11.313708498984761,421069
test_Mix_DPerc0_c_8.dcm,1586.0,467.0,11.313708498984761,421069
test_Mix_DPerc0_c_8.dcm,1563.0,509.0,11.313708498984761,421069
test_Mix_DPerc0_c_8.dcm,1560.0,520.0,11.313708498984761,421069
test_Mix_DPerc0_c_8.dcm,1549.0,539.0,11.313708498984761,421069
test_Mix_DPerc0_c_8.dcm,1509.0,611.0,11.313708498984761,421069
test_Mix_DPerc0_c_8.dcm,1488.0,657.0,11.313708498984761,421069
test_Mix_DPerc0_c_8.dcm,1483.0,675.0,11.313708498984761,421069
test_Mix_DPerc0_c_8.dcm,1476.0,695.0,11.313708498984761,421069
test_Mix_DPerc0_c_8.dcm,1459.0,740.0,11.313708498984761,421069
test_Mix_DPerc0_c_8.dcm,1419.0,876.0,11.313708498984761,421069
test_Mix_DPerc0_c_8.dcm,1378.0,1124.0,11.313708498984761,421069
test_Mix_DPerc0_c_8.dcm,1633.0,399.0,8.0,421069
test_Mix_DPerc0_c_8.dcm,1372.0,1139.0,8.0,421069
test_Mix_DPerc0_c_9.dcm,1717.0,359.0,22.627416997969526,421142
test_Mix_DPerc0_c_9.dcm,1748.0,333.0,16.000000000000004,421142
test_Mix_DPerc0_c_9.dcm,1685.0,373.0,16.000000000000004,421142
test_Mix_DPerc0_c_9.dcm,1660.0,395.0,16.000000000000004,421142
test_Mix_DPerc0_c_9.dcm,1729.0,334.0,11.313708498984761,421142
test_Mix_DPerc0_c_9.dcm,1623.0,427.0,11.313708498984761,421142
test_Mix_DPerc0_c_9.dcm,1605.0,447.0,11.313708498984761,421142
test_Mix_DPerc0_c_9.dcm,1586.0,471.0,11.313708498984761,421142
test_Mix_DPerc0_c_9.dcm,1564.0,510.0,11.313708498984761,421142
test_Mix_DPerc0_c_9.dcm,1508.0,616.0,11.313708498984761,421142
test_Mix_DPerc0_c_9.dcm,1488.0,660.0,11.313708498984761,421142
test_Mix_DPerc0_c_9.dcm,1483.0,677.0,11.313708498984761,421142
test_Mix_DPerc0_c_9.dcm,1419.0,880.0,11.313708498984761,421142
test_Mix_DPerc0_c_9.dcm,1659.0,379.0,8.0,421142
test_Mix_DPerc0_c_9.dcm,1636.0,402.0,8.0,421142
test_Mix_DPerc0_c_9.dcm,1455.0,742.0,8.0,421142
test_Mix_DPerc10_c_0.dcm,1720.0,1707.0,22.627416997969526,421142
test_Mix_DPerc10_c_0.dcm,1667.0,1701.0,16.000000000000004,421142
test_Mix_DPerc10_c_0.dcm,1638.0,1693.0,16.000000000000004,421142
test_Mix_DPerc10_c_0.dcm,1621.0,1684.0,16.000000000000004,421142
test_Mix_DPerc10_c_0.dcm,1548.0,1638.0,16.000000000000004,421142
test_Mix_DPerc10_c_0.dcm,1592.0,1677.0,11.313708498984761,421142
test_Mix_DPerc10_c_0.dcm,1514.0,1613.0,11.313708498984761,421142
test_Mix_DPerc10_c_0.dcm,1485.0,1586.0,11.313708498984761,421142
test_Mix_DPerc10_c_0.dcm,1472.0,1572.0,11.313708498984761,421142
test_Mix_DPerc10_c_0.dcm,1462.0,1559.0,11.313708498984761,421142
test_Mix_DPerc10_c_0.dcm,1441.0,1537.0,11.313708498984761,421142
test_Mix_DPerc10_c_0.dcm,1415.0,1494.0,11.313708498984761,421142
test_Mix_DPerc10_c_0.dcm,1753.0,1712.0,8.0,421142
test_Mix_DPerc10_c_0.dcm,1747.0,1721.0,8.0,421142
test_Mix_DPerc10_c_0.dcm,1700.0,1718.0,8.0,421142
test_Mix_DPerc10_c_0.dcm,1685.0,1716.0,8.0,421142
test_Mix_DPerc10_c_0.dcm,1516.0,1625.0,8.0,421142
test_Mix_DPerc10_c_0.dcm,1487.0,1598.0,8.0,421142
test_Mix_DPerc10_c_0.dcm,1449.0,1555.0,8.0,421142
test_Mix_DPerc10_c_0.dcm,1426.0,1522.0,8.0,421142
test_Mix_DPerc10_c_1.dcm,1717.0,1709.0,22.627416997969526,421306
test_Mix_DPerc10_c_1.dcm,1666.0,1705.0,16.000000000000004,421306
test_Mix_DPerc10_c_1.dcm,1622.0,1690.0,16.000000000000004,421306
test_Mix_DPerc10_c_1.dcm,1602.0,1680.0,16.000000000000004,421306
test_Mix_DPerc10_c_1.dcm,1579.0,1666.0,16.000000000000004,421306
test_Mix_DPerc10_c_1.dcm,1548.0,1640.0,16.000000000000004,421306
test_Mix_DPerc10_c_1.dcm,1515.0,1620.0,11.313708498984761,421306
test_Mix_DPerc10_c_1.dcm,1485.0,1590.0,11.313708498984761,421306
test_Mix_DPerc10_c_1.dcm,1472.0,1576.0,11.313708498984761,421306
test_Mix_DPerc10_c_1.dcm,1461.0,1562.0,11.313708498984761,421306
test_Mix_DPerc10_c_1.dcm,1415.0,1497.0,11.313708498984761,421306
test_Mix_DPerc10_c_1.dcm,1689.0,1719.0,8.0,421306
test_Mix_DPerc10_c_1.dcm,1562.0,1664.0,8.0,421306
test_Mix_DPerc10_c_1.dcm,1502.0,1617.0,8.0,421306
test_Mix_DPerc10_c_1.dcm,1449.0,1559.0,8.0,421306
test_Mix_DPerc10_c_1.dcm,1439.0,1543.0,8.0,421306
test_Mix_DPerc10_c_1.dcm,1426.0,1524.0,8.0,421306
test_Mix_DPerc10_c_10.dcm,1719.0,365.0,22.627416997969526,421306
test_Mix_DPerc10_c_10.dcm,1690.0,380.0,22.627416997969526,421306
test_Mix_DPerc10_c_10.dcm,1734.0,341.0,16.000000000000004,421306
test_Mix_DPerc10_c_10.dcm,1642.0,419.0,16.000000000000004,421306
test_Mix_DPerc10_c_10.dcm,1585.0,494.0,16.000000000000004,421306
test_Mix_DPerc10_c_10.dcm,1698.0,353.0,11.313708498984761,421306
test_Mix_DPerc10_c_10.dcm,1620.0,440.0,11.313708498984761,421306
test_Mix_DPerc10_c_10.dcm,1593.0,470.0,11.313708498984761,421306
test_Mix_DPerc10_c_10.dcm,1551.0,536.0,11.313708498984761,421306
test_Mix_DPerc10_c_10.dcm,1526.0,583.0,11.313708498984761,421306
test_Mix_DPerc10_c_10.dcm,1506.0,624.0,11.313708498984761,421306
test_Mix_DPerc10_c_10.dcm,1487.0,669.0,11.313708498984761,421306
test_Mix_DPerc10_c_10.dcm,1469.0,722.0,11.313708498984761,421306
test_Mix_DPerc10_c_10.dcm,1745.0,325.0,8.0,421306
test_Mix_DPerc10_c_10.dcm,1616.0,455.0,8.0,421306
test_Mix_DPerc10_c_10.dcm,1597.0,454.0,8.0,421306
test_Mix_DPerc10_c_10.dcm,1470.0,697.0,8.0,421306
test_Mix_DPerc10_c_11.dcm,1720.0,369.0,22.627416997969526,421485
test_Mix_DPerc10_c_11.dcm,1692.0,381.0,22.627416997969526,421485
test_Mix_DPerc10_c_11.dcm,1732.0,345.0,16.000000000000004,421485
test_Mix_DPerc10_c_11.dcm,1642.0,423.0,16.000000000000004,421485
test_Mix_DPerc10_c_11.dcm,1586.0,495.0,16.000000000000004,421485
test_Mix_DPerc10_c_11.dcm,1513.0,637.0,16.000000000000004,421485
test_Mix_DPerc10_c_11.dcm,1699.0,356.0,11.313708498984761,421485
test_Mix_DPerc10_c_11.dcm,1620.0,445.0,11.313708498984761,421485
test_Mix_DPerc10_c_11.dcm,1593.0,474.0,11.313708498984761,421485
test_Mix_DPerc10_c_11.dcm,1551.0,540.0,11.313708498984761,421485
test_Mix_DPerc10_c_11.dcm,1525.0,588.0,11.313708498984761,421485
test_Mix_DPerc10_c_11.dcm,1524.0,602.0,11.313708498984761,421485
test_Mix_DPerc10_c_11.dcm,1487.0,673.0,11.313708498984761,421485
test_Mix_DPerc10_c_11.dcm,1469.0,726.0,11.313708498984761,421485
test_Mix_DPerc10_c_11.dcm,1745.0,329.0,8.0,421485
test_Mix_DPerc10_c_11.dcm,1616.0,458.0,8.0,421485
test_Mix_DPerc10_c_11.dcm,1597.0,458.0,8.0,421485
test_Mix_DPerc10_c_11.dcm,1540.0,552.0,8.0,421485
test_Mix_DPerc10_c_11.dcm,1470.0,701.0,8.0,421485
test_Mix_DPerc10_c_11.dcm,1443.0,1549.0,8.0,421485
test_Mix_DPerc10_c_12.dcm,1730.0,359.0,22.627416997969526,421485
test_Mix_DPerc10_c_12.dcm,1689.0,383.0,22.627416997969526,421485
test_Mix_DPerc10_c_12.dcm,1640.0,427.0,16.000000000000004,421485
test_Mix_DPerc10_c_12.dcm,1593.0,479.0,16.000000000000004,421485
test_Mix_DPerc10_c_12.dcm,1584.0,501.0,16.000000000000004,421485
test_Mix_DPerc10_c_12.dcm,1511.0,639.0,16.000000000000004,421485
test_Mix_DPerc10_c_12.dcm,1696.0,359.0,11.313708498984761,421485
test_Mix_DPerc10_c_12.dcm,1619.0,449.0,11.313708498984761,421485
test_Mix_DPerc10_c_12.dcm,1552.0,538.0,11.313708498984761,421485
test_Mix_DPerc10_c_12.dcm,1547.0,550.0,11.313708498984761,421485
test_Mix_DPerc10_c_12.dcm,1524.0,591.0,11.313708498984761,421485
test_Mix_DPerc10_c_12.dcm,1523.0,604.0,11.313708498984761,421485
test_Mix_DPerc10_c_12.dcm,1488.0,669.0,11.313708498984761,421485
test_Mix_DPerc10_c_12.dcm,1483.0,684.0,11.313708498984761,421485
test_Mix_DPerc10_c_12.dcm,1473.0,706.0,11.313708498984761,421485
test_Mix_DPerc10_c_12.dcm,1468.0,730.0,11.313708498984761,421485
test_Mix_DPerc10_c_12.dcm,1756.0,332.0,8.0,421485
test_Mix_DPerc10_c_12.dcm,1743.0,331.0,8.0,421485
test_Mix_DPerc10_c_12.dcm,1716.0,341.0,8.0,421485
test_Mix_DPerc10_c_12.dcm,1649.0,395.0,8.0,421485
test_Mix_DPerc10_c_12.dcm,1623.0,423.0,8.0,421485
test_Mix_DPerc10_c_12.dcm,1616.0,460.0,8.0,421485
test_Mix_DPerc10_c_13.dcm,1735.0,350.0,22.627416997969526,422104
test_Mix_DPerc10_c_13.dcm,1680.0,384.0,22.627416997969526,422104
test_Mix_DPerc10_c_13.dcm,1576.0,497.0,22.627416997969526,422104
test_Mix_DPerc10_c_13.dcm,1705.0,354.0,16.000000000000004,422104
test_Mix_DPerc10_c_13.dcm,1640.0,403.0,16.000000000000004,422104
test_Mix_DPerc10_c_13.dcm,1629.0,424.0,16.000000000000004,422104
test_Mix_DPerc10_c_13.dcm,1587.0,473.0,16.000000000000004,422104
test_Mix_DPerc10_c_13.dcm,1536.0,546.0,16.000000000000004,422104
test_Mix_DPerc10_c_13.dcm,1525.0,562.0,16.000000000000004,422104
test_Mix_DPerc10_c_13.dcm,1517.0,587.0,16.000000000000004,422104
test_Mix_DPerc10_c_13.dcm,1503.0,615.0,16.000000000000004,422104
test_Mix_DPerc10_c_13.dcm,1484.0,663.0,16.000000000000004,422104
test_Mix_DPerc10_c_13.dcm,1469.0,707.0,16.000000000000004,422104
test_Mix_DPerc10_c_13.dcm,1461.0,737.0,16.000000000000004,422104
test_Mix_DPerc10_c_13.dcm,1599.0,450.0,11.313708498984761,422104
test_Mix_DPerc10_c_13.dcm,1546.0,522.0,11.313708498984761,422104
test_Mix_DPerc10_c_13.dcm,1483.0,647.0,11.313708498984761,422104
test_Mix_DPerc10_c_13.dcm,1467.0,689.0,11.313708498984761,422104
test_Mix_DPerc10_c_13.dcm,1442.0,768.0,11.313708498984761,422104
test_Mix_DPerc10_c_13.dcm,1432.0,794.0,11.313708498984761,422104
test_Mix_DPerc10_c_13.dcm,1499.0,637.0,8.0,422104
test_Mix_DPerc10_c_13.dcm,1467.0,672.0,8.0,422104
test_Mix_DPerc10_c_14.dcm,1736.0,353.0,22.627416997969526,421835
test_Mix_DPerc10_c_14.dcm,1681.0,388.0,22.627416997969526,421835
test_Mix_DPerc10_c_14.dcm,1628.0,430.0,22.627416997969526,421835
test_Mix_DPerc10_c_14.dcm,1580.0,493.0,22.627416997969526,421835
test_Mix_DPerc10_c_14.dcm,1549.0,551.0,22.627416997969526,421835
test_Mix_DPerc10_c_14.dcm,1704.0,358.0,16.000000000000004,421835
test_Mix_DPerc10_c_14.dcm,1640.0,406.0,16.000000000000004,421835
test_Mix_DPerc10_c_14.dcm,1517.0,591.0,16.000000000000004,421835
test_Mix_DPerc10_c_14.dcm,1498.0,634.0,16.000000000000004,421835
test_Mix_DPerc10_c_14.dcm,1484.0,668.0,16.000000000000004,421835
test_Mix_DPerc10_c_14.dcm,1469.0,711.0,16.000000000000004,421835
test_Mix_DPerc10_c_14.dcm,1461.0,742.0,16.000000000000004,421835
test_Mix_DPerc10_c_14.dcm,1545.0,526.0,11.313708498984761,421835
test_Mix_DPerc10_c_14.dcm,1500.0,607.0,11.313708498984761,421835
test_Mix_DPerc10_c_14.dcm,1483.0,651.0,11.313708498984761,421835
test_Mix_DPerc10_c_14.dcm,1467.0,694.0,11.313708498984761,421835
test_Mix_DPerc10_c_14.dcm,1444.0,764.0,11.313708498984761,421835
test_Mix_DPerc10_c_14.dcm,1439.0,781.0,11.313708498984761,421835
test_Mix_DPerc10_c_14.dcm,1465.0,681.0,8.0,421835
test_Mix_DPerc10_c_2.dcm,1744.0,323.0,22.627416997969526,421633
test_Mix_DPerc10_c_2.dcm,1712.0,345.0,22.627416997969526,421633
test_Mix_DPerc10_c_2.dcm,1664.0,377.0,22.627416997969526,421633
test_Mix_DPerc10_c_2.dcm,1631.0,410.0,16.000000000000004,421633
test_Mix_DPerc10_c_2.dcm,1591.0,451.0,16.000000000000004,421633
test_Mix_DPerc10_c_2.dcm,1583.0,473.0,16.000000000000004,421633
test_Mix_DPerc10_c_2.dcm,1574.0,488.0,16.000000000000004,421633
test_Mix_DPerc10_c_2.dcm,1565.0,504.0,16.000000000000004,421633
test_Mix_DPerc10_c_2.dcm,1531.0,564.0,16.000000000000004,421633
test_Mix_DPerc10_c_2.dcm,1518.0,599.0,16.000000000000004,421633
test_Mix_DPerc10_c_2.dcm,1492.0,659.0,16.000000000000004,421633
test_Mix_DPerc10_c_2.dcm,1735.0,1704.0,11.313708498984761,421633
test_Mix_DPerc10_c_2.dcm,1722.0,1703.0,11.313708498984761,421633
test_Mix_DPerc10_c_2.dcm,1673.0,356.0,11.313708498984761,421633
test_Mix_DPerc10_c_2.dcm,1539.0,532.0,11.313708498984761,421633
test_Mix_DPerc10_c_2.dcm,1471.0,688.0,11.313708498984761,421633
test_Mix_DPerc10_c_2.dcm,1459.0,727.0,11.313708498984761,421633
test_Mix_DPerc10_c_2.dcm,1444.0,1521.0,11.313708498984761,421633
test_Mix_DPerc10_c_2.dcm,1375.0,1130.0,11.313708498984761,421633
test_Mix_DPerc10_c_2.dcm,1374.0,1150.0,11.313708498984761,421633
test_Mix_DPerc10_c_2.dcm,1752.0,299.0,8.0,421633
test_Mix_DPerc10_c_2.dcm,1688.0,330.0,8.0,421633
test_Mix_DPerc10_c_2.dcm,1626.0,432.0,8.0,421633
test_Mix_DPerc10_c_2.dcm,1616.0,436.0,8.0,421633
test_Mix_DPerc10_c_2.dcm,1615.0,408.0,8.0,421633
test_Mix_DPerc10_c_2.dcm,1598.0,427.0,8.0,421633
test_Mix_DPerc10_c_2.dcm,1559.0,1635.0,8.0,421633
test_Mix_DPerc10_c_2.dcm,1539.0,1622.0,8.0,421633
test_Mix_DPerc10_c_2.dcm,1512.0,614.0,8.0,421633
test_Mix_DPerc10_c_2.dcm,1473.0,665.0,8.0,421633
test_Mix_DPerc10_c_2.dcm,1394.0,1429.0,8.0,421633
test_Mix_DPerc10_c_3.dcm,1744.0,328.0,22.627416997969526,421494
test_Mix_DPerc10_c_3.dcm,1715.0,348.0,22.627416997969526,421494
test_Mix_DPerc10_c_3.dcm,1663.0,383.0,22.627416997969526,421494
test_Mix_DPerc10_c_3.dcm,1630.0,416.0,16.000000000000004,421494
test_Mix_DPerc10_c_3.dcm,1590.0,458.0,16.000000000000004,421494
test_Mix_DPerc10_c_3.dcm,1573.0,495.0,16.000000000000004,421494
test_Mix_DPerc10_c_3.dcm,1555.0,525.0,16.000000000000004,421494
test_Mix_DPerc10_c_3.dcm,1532.0,567.0,16.000000000000004,421494
test_Mix_DPerc10_c_3.dcm,1517.0,606.0,16.000000000000004,421494
test_Mix_DPerc10_c_3.dcm,1492.0,664.0,16.000000000000004,421494
test_Mix_DPerc10_c_3.dcm,1480.0,689.0,16.000000000000004,421494
test_Mix_DPerc10_c_3.dcm,1737.0,1707.0,11.313708498984761,421494
test_Mix_DPerc10_c_3.dcm,1720.0,1706.0,11.313708498984761,421494
test_Mix_DPerc10_c_3.dcm,1541.0,534.0,11.313708498984761,421494
test_Mix_DPerc10_c_3.dcm,1487.0,648.0,11.313708498984761,421494
test_Mix_DPerc10_c_3.dcm,1459.0,732.0,11.313708498984761,421494
test_Mix_DPerc10_c_3.dcm,1443.0,1522.0,11.313708498984761,421494
test_Mix_DPerc10_c_3.dcm,1375.0,1133.0,11.313708498984761,421494
test_Mix_DPerc10_c_3.dcm,1752.0,303.0,8.0,421494
test_Mix_DPerc10_c_3.dcm,1676.0,348.0,8.0,421494
test_Mix_DPerc10_c_3.dcm,1616.0,440.0,8.0,421494
test_Mix_DPerc10_c_3.dcm,1598.0,431.0,8.0,421494
test_Mix_DPerc10_c_3.dcm,1560.0,1639.0,8.0,421494
test_Mix_DPerc10_c_3.dcm,1539.0,1626.0,8.0,421494
test_Mix_DPerc10_c_3.dcm,1517.0,1607.0,8.0,421494
test_Mix_DPerc10_c_4.dcm,1742.0,333.0,22.627416997969526,421380
test_Mix_DPerc10_c_4.dcm,1715.0,353.0,22.627416997969526,421380
test_Mix_DPerc10_c_4.dcm,1666.0,384.0,22.627416997969526,421380
test_Mix_DPerc10_c_4.dcm,1629.0,423.0,16.000000000000004,421380
test_Mix_DPerc10_c_4.dcm,1605.0,445.0,16.000000000000004,421380
test_Mix_DPerc10_c_4.dcm,1587.0,471.0,16.000000000000004,421380
test_Mix_DPerc10_c_4.dcm,1569.0,505.0,16.000000000000004,421380
test_Mix_DPerc10_c_4.dcm,1532.0,570.0,16.000000000000004,421380
test_Mix_DPerc10_c_4.dcm,1516.0,611.0,16.000000000000004,421380
test_Mix_DPerc10_c_4.dcm,1494.0,665.0,16.000000000000004,421380
test_Mix_DPerc10_c_4.dcm,1480.0,693.0,16.000000000000004,421380
test_Mix_DPerc10_c_4.dcm,1724.0,1710.0,11.313708498984761,421380
test_Mix_DPerc10_c_4.dcm,1637.0,397.0,11.313708498984761,421380
test_Mix_DPerc10_c_4.dcm,1552.0,516.0,11.313708498984761,421380
test_Mix_DPerc10_c_4.dcm,1542.0,535.0,11.313708498984761,421380
test_Mix_DPerc10_c_4.dcm,1541.0,1627.0,11.313708498984761,421380
test_Mix_DPerc10_c_4.dcm,1459.0,736.0,11.313708498984761,421380
test_Mix_DPerc10_c_4.dcm,1443.0,1525.0,11.313708498984761,421380
test_Mix_DPerc10_c_4.dcm,1376.0,1135.0,11.313708498984761,421380
test_Mix_DPerc10_c_4.dcm,1752.0,306.0,8.0,421380
test_Mix_DPerc10_c_4.dcm,1743.0,1715.0,8.0,421380
test_Mix_DPerc10_c_4.dcm,1712.0,1710.0,8.0,421380
test_Mix_DPerc10_c_4.dcm,1676.0,352.0,8.0,421380
test_Mix_DPerc10_c_4.dcm,1561.0,1644.0,8.0,421380
test_Mix_DPerc10_c_4.dcm,1560.0,491.0,8.0,421380
test_Mix_DPerc10_c_4.dcm,1519.0,1614.0,8.0,421380
test_Mix_DPerc10_c_4.dcm,1393.0,1434.0,8.0,421380
test_Mix_DPerc10_c_5.dcm,1742.0,338.0,22.627416997969526,421373
test_Mix_DPerc10_c_5.dcm,1715.0,357.0,22.627416997969526,421373
test_Mix_DPerc10_c_5.dcm,1662.0,397.0,22.627416997969526,421373
test_Mix_DPerc10_c_5.dcm,1727.0,1709.0,16.000000000000004,421373
test_Mix_DPerc10_c_5.dcm,1640.0,407.0,16.000000000000004,421373
test_Mix_DPerc10_c_5.dcm,1628.0,429.0,16.000000000000004,421373
test_Mix_DPerc10_c_5.dcm,1605.0,449.0,16.000000000000004,421373
test_Mix_DPerc10_c_5.dcm,1588.0,472.0,16.000000000000004,421373
test_Mix_DPerc10_c_5.dcm,1569.0,511.0,16.000000000000004,421373
test_Mix_DPerc10_c_5.dcm,1531.0,576.0,16.000000000000004,421373
test_Mix_DPerc10_c_5.dcm,1516.0,617.0,16.000000000000004,421373
test_Mix_DPerc10_c_5.dcm,1495.0,669.0,16.000000000000004,421373
test_Mix_DPerc10_c_5.dcm,1480.0,697.0,16.000000000000004,421373
test_Mix_DPerc10_c_5.dcm,1697.0,1708.0,11.313708498984761,421373
test_Mix_DPerc10_c_5.dcm,1569.0,493.0,11.313708498984761,421373
test_Mix_DPerc10_c_5.dcm,1562.0,1643.0,11.313708498984761,421373
test_Mix_DPerc10_c_5.dcm,1553.0,518.0,11.313708498984761,421373
test_Mix_DPerc10_c_5.dcm,1544.0,536.0,11.313708498984761,421373
test_Mix_DPerc10_c_5.dcm,1540.0,1631.0,11.313708498984761,421373
test_Mix_DPerc10_c_5.dcm,1487.0,655.0,11.313708498984761,421373
test_Mix_DPerc10_c_5.dcm,1459.0,740.0,11.313708498984761,421373
test_Mix_DPerc10_c_5.dcm,1443.0,1529.0,11.313708498984761,421373
test_Mix_DPerc10_c_5.dcm,1376.0,1137.0,11.313708498984761,421373
test_Mix_DPerc10_c_5.dcm,1752.0,310.0,8.0,421373
test_Mix_DPerc10_c_5.dcm,1744.0,1718.0,8.0,421373
test_Mix_DPerc10_c_5.dcm,1676.0,356.0,8.0,421373
test_Mix_DPerc10_c_5.dcm,1656.0,373.0,8.0,421373
test_Mix_DPerc10_c_5.dcm,1539.0,561.0,8.0,421373
test_Mix_DPerc10_c_5.dcm,1487.0,1585.0,8.0,421373
test_Mix_DPerc10_c_5.dcm,1458.0,1552.0,8.0,421373
test_Mix_DPerc10_c_6.dcm,1715.0,371.0,22.627416997969526,421375
test_Mix_DPerc10_c_6.dcm,1663.0,399.0,22.627416997969526,421375
test_Mix_DPerc10_c_6.dcm,1738.0,329.0,16.000000000000004,421375
test_Mix_DPerc10_c_6.dcm,1728.0,1713.0,16.000000000000004,421375
test_Mix_DPerc10_c_6.dcm,1627.0,436.0,16.000000000000004,421375
test_Mix_DPerc10_c_6.dcm,1605.0,453.0,16.000000000000004,421375
test_Mix_DPerc10_c_6.dcm,1587.0,478.0,16.000000000000004,421375
test_Mix_DPerc10_c_6.dcm,1569.0,516.0,16.000000000000004,421375
test_Mix_DPerc10_c_6.dcm,1531.0,582.0,16.000000000000004,421375
test_Mix_DPerc10_c_6.dcm,1517.0,621.0,16.000000000000004,421375
test_Mix_DPerc10_c_6.dcm,1697.0,1712.0,11.313708498984761,421375
test_Mix_DPerc10_c_6.dcm,1568.0,499.0,11.313708498984761,421375
test_Mix_DPerc10_c_6.dcm,1562.0,1648.0,11.313708498984761,421375
test_Mix_DPerc10_c_6.dcm,1545.0,539.0,11.313708498984761,421375
test_Mix_DPerc10_c_6.dcm,1539.0,1635.0,11.313708498984761,421375
test_Mix_DPerc10_c_6.dcm,1487.0,658.0,11.313708498984761,421375
test_Mix_DPerc10_c_6.dcm,1480.0,677.0,11.313708498984761,421375
test_Mix_DPerc10_c_6.dcm,1470.0,705.0,11.313708498984761,421375
test_Mix_DPerc10_c_6.dcm,1459.0,744.0,11.313708498984761,421375
test_Mix_DPerc10_c_6.dcm,1443.0,1531.0,11.313708498984761,421375
test_Mix_DPerc10_c_6.dcm,1376.0,1142.0,11.313708498984761,421375
test_Mix_DPerc10_c_6.dcm,1752.0,314.0,8.0,421375
test_Mix_DPerc10_c_6.dcm,1744.0,1722.0,8.0,421375
test_Mix_DPerc10_c_6.dcm,1656.0,376.0,8.0,421375
test_Mix_DPerc10_c_6.dcm,1557.0,504.0,8.0,421375
test_Mix_DPerc10_c_6.dcm,1539.0,563.0,8.0,421375
test_Mix_DPerc10_c_6.dcm,1506.0,600.0,8.0,421375
test_Mix_DPerc10_c_6.dcm,1487.0,1590.0,8.0,421375
test_Mix_DPerc10_c_6.dcm,1470.0,1573.0,8.0,421375
test_Mix_DPerc10_c_6.dcm,1460.0,719.0,8.0,421375
test_Mix_DPerc10_c_6.dcm,1458.0,1556.0,8.0,421375
test_Mix_DPerc10_c_7.dcm,1716.0,361.0,22.627416997969526,421452
test_Mix_DPerc10_c_7.dcm,1662.0,406.0,22.627416997969526,421452
test_Mix_DPerc10_c_7.dcm,1739.0,333.0,16.000000000000004,421452
test_Mix_DPerc10_c_7.dcm,1727.0,1718.0,16.000000000000004,421452
test_Mix_DPerc10_c_7.dcm,1705.0,1711.0,16.000000000000004,421452
test_Mix_DPerc10_c_7.dcm,1674.0,382.0,16.000000000000004,421452
test_Mix_DPerc10_c_7.dcm,1627.0,439.0,16.000000000000004,421452
test_Mix_DPerc10_c_7.dcm,1587.0,482.0,16.000000000000004,421452
test_Mix_DPerc10_c_7.dcm,1568.0,520.0,16.000000000000004,421452
test_Mix_DPerc10_c_7.dcm,1530.0,589.0,16.000000000000004,421452
test_Mix_DPerc10_c_7.dcm,1517.0,625.0,16.000000000000004,421452
test_Mix_DPerc10_c_7.dcm,1496.0,679.0,16.000000000000004,421452
test_Mix_DPerc10_c_7.dcm,1487.0,695.0,16.000000000000004,421452
test_Mix_DPerc10_c_7.dcm,1594.0,462.0,11.313708498984761,421452
test_Mix_DPerc10_c_7.dcm,1569.0,502.0,11.313708498984761,421452
test_Mix_DPerc10_c_7.dcm,1562.0,1653.0,11.313708498984761,421452
test_Mix_DPerc10_c_7.dcm,1545.0,541.0,11.313708498984761,421452
test_Mix_DPerc10_c_7.dcm,1538.0,1639.0,11.313708498984761,421452
test_Mix_DPerc10_c_7.dcm,1488.0,661.0,11.313708498984761,421452
test_Mix_DPerc10_c_7.dcm,1470.0,709.0,11.313708498984761,421452
test_Mix_DPerc10_c_7.dcm,1459.0,1557.0,11.313708498984761,421452
test_Mix_DPerc10_c_7.dcm,1459.0,748.0,11.313708498984761,421452
test_Mix_DPerc10_c_7.dcm,1442.0,1533.0,11.313708498984761,421452
test_Mix_DPerc10_c_7.dcm,1416.0,1496.0,11.313708498984761,421452
test_Mix_DPerc10_c_7.dcm,1405.0,1464.0,11.313708498984761,421452
test_Mix_DPerc10_c_7.dcm,1391.0,1421.0,11.313708498984761,421452
test_Mix_DPerc10_c_7.dcm,1378.0,1280.0,11.313708498984761,421452
test_Mix_DPerc10_c_7.dcm,1376.0,1145.0,11.313708498984761,421452
test_Mix_DPerc10_c_7.dcm,1752.0,319.0,8.0,421452
test_Mix_DPerc10_c_7.dcm,1744.0,1726.0,8.0,421452
test_Mix_DPerc10_c_7.dcm,1676.0,363.0,8.0,421452
test_Mix_DPerc10_c_7.dcm,1669.0,1710.0,8.0,421452
test_Mix_DPerc10_c_7.dcm,1656.0,380.0,8.0,421452
test_Mix_DPerc10_c_7.dcm,1615.0,455.0,8.0,421452
test_Mix_DPerc10_c_7.dcm,1525.0,566.0,8.0,421452
test_Mix_DPerc10_c_7.dcm,1487.0,1596.0,8.0,421452
test_Mix_DPerc10_c_7.dcm,1470.0,1577.0,8.0,421452
test_Mix_DPerc10_c_7.dcm,1460.0,722.0,8.0,421452
test_Mix_DPerc10_c_7.dcm,1374.0,1308.0,8.0,421452
test_Mix_DPerc10_c_8.dcm,1717.0,364.0,22.627416997969526,421585
test_Mix_DPerc10_c_8.dcm,1738.0,337.0,16.000000000000004,421585
test_Mix_DPerc10_c_8.dcm,1726.0,1721.0,16.000000000000004,421585
test_Mix_DPerc10_c_8.dcm,1706.0,1716.0,16.000000000000004,421585
test_Mix_DPerc10_c_8.dcm,1676.0,378.0,16.000000000000004,421585
test_Mix_DPerc10_c_8.dcm,1646.0,413.0,16.000000000000004,421585
test_Mix_DPerc10_c_8.dcm,1627.0,443.0,16.000000000000004,421585
test_Mix_DPerc10_c_8.dcm,1605.0,461.0,16.000000000000004,421585
test_Mix_DPerc10_c_8.dcm,1586.0,488.0,16.000000000000004,421585
test_Mix_DPerc10_c_8.dcm,1568.0,525.0,16.000000000000004,421585
test_Mix_DPerc10_c_8.dcm,1529.0,594.0,16.000000000000004,421585
test_Mix_DPerc10_c_8.dcm,1517.0,629.0,16.000000000000004,421585
test_Mix_DPerc10_c_8.dcm,1488.0,698.0,16.000000000000004,421585
test_Mix_DPerc10_c_8.dcm,1445.0,1536.0,16.000000000000004,421585
test_Mix_DPerc10_c_8.dcm,1563.0,1659.0,11.313708498984761,421585
test_Mix_DPerc10_c_8.dcm,1547.0,542.0,11.313708498984761,421585
test_Mix_DPerc10_c_8.dcm,1538.0,1645.0,11.313708498984761,421585
test_Mix_DPerc10_c_8.dcm,1530.0,572.0,11.313708498984761,421585
test_Mix_DPerc10_c_8.dcm,1488.0,664.0,11.313708498984761,421585
test_Mix_DPerc10_c_8.dcm,1484.0,1586.0,11.313708498984761,421585
test_Mix_DPerc10_c_8.dcm,1470.0,713.0,11.313708498984761,421585
test_Mix_DPerc10_c_8.dcm,1460.0,751.0,11.313708498984761,421585
test_Mix_DPerc10_c_8.dcm,1459.0,1561.0,11.313708498984761,421585
test_Mix_DPerc10_c_8.dcm,1417.0,1503.0,11.313708498984761,421585
test_Mix_DPerc10_c_8.dcm,1405.0,1468.0,11.313708498984761,421585
test_Mix_DPerc10_c_8.dcm,1390.0,1423.0,11.313708498984761,421585
test_Mix_DPerc10_c_8.dcm,1378.0,1283.0,11.313708498984761,421585
test_Mix_DPerc10_c_8.dcm,1376.0,1149.0,11.313708498984761,421585
test_Mix_DPerc10_c_8.dcm,1374.0,1184.0,11.313708498984761,421585
test_Mix_DPerc10_c_8.dcm,1750.0,324.0,8.0,421585
test_Mix_DPerc10_c_8.dcm,1744.0,1730.0,8.0,421585
test_Mix_DPerc10_c_8.dcm,1672.0,405.0,8.0,421585
test_Mix_DPerc10_c_8.dcm,1669.0,1713.0,8.0,421585
test_Mix_DPerc10_c_8.dcm,1663.0,405.0,8.0,421585
test_Mix_DPerc10_c_8.dcm,1656.0,383.0,8.0,421585
test_Mix_DPerc10_c_8.dcm,1506.0,1612.0,8.0,421585
test_Mix_DPerc10_c_8.dcm,1506.0,608.0,8.0,421585
test_Mix_DPerc10_c_8.dcm,1488.0,1601.0,8.0,421585
test_Mix_DPerc10_c_8.dcm,1470.0,1581.0,8.0,421585
test_Mix_DPerc10_c_8.dcm,1460.0,726.0,8.0,421585
test_Mix_DPerc10_c_8.dcm,1381.0,1408.0,8.0,421585
test_Mix_DPerc10_c_8.dcm,1374.0,1300.0,8.0,421585
test_Mix_DPerc10_c_9.dcm,1717.0,369.0,22.627416997969526,421774
test_Mix_DPerc10_c_9.dcm,1682.0,387.0,22.627416997969526,421774
test_Mix_DPerc10_c_9.dcm,1738.0,340.0,16.000000000000004,421774
test_Mix_DPerc10_c_9.dcm,1729.0,1727.0,16.000000000000004,421774
test_Mix_DPerc10_c_9.dcm,1705.0,1719.0,16.000000000000004,421774
test_Mix_DPerc10_c_9.dcm,1645.0,417.0,16.000000000000004,421774
test_Mix_DPerc10_c_9.dcm,1626.0,448.0,16.000000000000004,421774
test_Mix_DPerc10_c_9.dcm,1587.0,491.0,16.000000000000004,421774
test_Mix_DPerc10_c_9.dcm,1567.0,530.0,16.000000000000004,421774
test_Mix_DPerc10_c_9.dcm,1530.0,597.0,16.000000000000004,421774
test_Mix_DPerc10_c_9.dcm,1517.0,633.0,16.000000000000004,421774
test_Mix_DPerc10_c_9.dcm,1487.0,703.0,16.000000000000004,421774
test_Mix_DPerc10_c_9.dcm,1444.0,1540.0,16.000000000000004,421774
test_Mix_DPerc10_c_9.dcm,1593.0,470.0,11.313708498984761,421774
test_Mix_DPerc10_c_9.dcm,1571.0,511.0,11.313708498984761,421774
test_Mix_DPerc10_c_9.dcm,1563.0,1663.0,11.313708498984761,421774
test_Mix_DPerc10_c_9.dcm,1547.0,545.0,11.313708498984761,421774
test_Mix_DPerc10_c_9.dcm,1545.0,1654.0,11.313708498984761,421774
test_Mix_DPerc10_c_9.dcm,1512.0,1614.0,11.313708498984761,421774
test_Mix_DPerc10_c_9.dcm,1488.0,668.0,11.313708498984761,421774
test_Mix_DPerc10_c_9.dcm,1484.0,1590.0,11.313708498984761,421774
test_Mix_DPerc10_c_9.dcm,1480.0,688.0,11.313708498984761,421774
test_Mix_DPerc10_c_9.dcm,1460.0,754.0,11.313708498984761,421774
test_Mix_DPerc10_c_9.dcm,1459.0,1565.0,11.313708498984761,421774
test_Mix_DPerc10_c_9.dcm,1418.0,1510.0,11.313708498984761,421774
test_Mix_DPerc10_c_9.dcm,1405.0,1472.0,11.313708498984761,421774
test_Mix_DPerc10_c_9.dcm,1390.0,1425.0,11.313708498984761,421774
test_Mix_DPerc10_c_9.dcm,1378.0,1286.0,11.313708498984761,421774
test_Mix_DPerc10_c_9.dcm,1376.0,1153.0,11.313708498984761,421774
test_Mix_DPerc10_c_9.dcm,1374.0,1187.0,11.313708498984761,421774
test_Mix_DPerc10_c_9.dcm,1745.0,1735.0,8.0,421774
test_Mix_DPerc10_c_9.dcm,1669.0,1718.0,8.0,421774
test_Mix_DPerc10_c_9.dcm,1663.0,407.0,8.0,421774
test_Mix_DPerc10_c_9.dcm,1657.0,386.0,8.0,421774
test_Mix_DPerc10_c_9.dcm,1519.0,1633.0,8.0,421774
test_Mix_DPerc10_c_9.dcm,1488.0,1605.0,8.0,421774
test_Mix_DPerc10_c_9.dcm,1470.0,1585.0,8.0,421774
test_Mix_DPerc10_c_9.dcm,1381.0,1411.0,8.0,421774
test_Mix_DPerc10_c_9.dcm,1374.0,1304.0,8.0,421774
test_Mix_DPerc20_c_0.dcm,1730.0,324.0,22.627416997969526,422118
test_Mix_DPerc20_c_0.dcm,1603.0,449.0,22.627416997969526,422118
test_Mix_DPerc20_c_0.dcm,1685.0,338.0,16.000000000000004,422118
test_Mix_DPerc20_c_0.dcm,1668.0,360.0,16.000000000000004,422118
test_Mix_DPerc20_c_0.dcm,1645.0,391.0,16.000000000000004,422118
test_Mix_DPerc20_c_0.dcm,1569.0,492.0,16.000000000000004,422118
test_Mix_DPerc20_c_0.dcm,1543.0,532.0,16.000000000000004,422118
test_Mix_DPerc20_c_0.dcm,1537.0,550.0,16.000000000000004,422118
test_Mix_DPerc20_c_0.dcm,1755.0,299.0,11.313708498984761,422118
test_Mix_DPerc20_c_0.dcm,1615.0,403.0,11.313708498984761,422118
test_Mix_DPerc20_c_0.dcm,1576.0,460.0,11.313708498984761,422118
test_Mix_DPerc20_c_0.dcm,1509.0,581.0,11.313708498984761,422118
test_Mix_DPerc20_c_0.dcm,1502.0,602.0,11.313708498984761,422118
test_Mix_DPerc20_c_0.dcm,1751.0,288.0,8.0,422118
test_Mix_DPerc20_c_0.dcm,1665.0,342.0,8.0,422118
test_Mix_DPerc20_c_0.dcm,1662.0,383.0,8.0,422118
test_Mix_DPerc20_c_0.dcm,1558.0,504.0,8.0,422118
test_Mix_DPerc20_c_0.dcm,1552.0,494.0,8.0,422118
test_Mix_DPerc20_c_0.dcm,1525.0,538.0,8.0,422118
test_Mix_DPerc20_c_1.dcm,1731.0,327.0,22.627416997969526,421858
test_Mix_DPerc20_c_1.dcm,1675.0,379.0,22.627416997969526,421858
test_Mix_DPerc20_c_1.dcm,1603.0,453.0,22.627416997969526,421858
test_Mix_DPerc20_c_1.dcm,1576.0,490.0,22.627416997969526,421858
test_Mix_DPerc20_c_1.dcm,1645.0,396.0,16.000000000000004,421858
test_Mix_DPerc20_c_1.dcm,1543.0,534.0,16.000000000000004,421858
test_Mix_DPerc20_c_1.dcm,1537.0,554.0,16.000000000000004,421858
test_Mix_DPerc20_c_1.dcm,1523.0,583.0,16.000000000000004,421858
test_Mix_DPerc20_c_1.dcm,1513.0,606.0,16.000000000000004,421858
test_Mix_DPerc20_c_1.dcm,1755.0,303.0,11.313708498984761,421858
test_Mix_DPerc20_c_1.dcm,1695.0,1692.0,11.313708498984761,421858
test_Mix_DPerc20_c_1.dcm,1615.0,408.0,11.313708498984761,421858
test_Mix_DPerc20_c_1.dcm,1603.0,428.0,11.313708498984761,421858
test_Mix_DPerc20_c_1.dcm,1576.0,465.0,11.313708498984761,421858
test_Mix_DPerc20_c_1.dcm,1413.0,1463.0,11.313708498984761,421858
test_Mix_DPerc20_c_1.dcm,1718.0,308.0,8.0,421858
test_Mix_DPerc20_c_1.dcm,1676.0,1690.0,8.0,421858
test_Mix_DPerc20_c_1.dcm,1667.0,345.0,8.0,421858
test_Mix_DPerc20_c_1.dcm,1558.0,507.0,8.0,421858
test_Mix_DPerc20_c_10.dcm,1721.0,337.0,22.627416997969526,421649
test_Mix_DPerc20_c_10.dcm,1668.0,385.0,22.627416997969526,421649
test_Mix_DPerc20_c_10.dcm,1600.0,455.0,16.000000000000004,421649
test_Mix_DPerc20_c_10.dcm,1572.0,493.0,16.000000000000004,421649
test_Mix_DPerc20_c_10.dcm,1566.0,508.0,16.000000000000004,421649
test_Mix_DPerc20_c_10.dcm,1551.0,514.0,11.313708498984761,421649
test_Mix_DPerc20_c_10.dcm,1534.0,541.0,11.313708498984761,421649
test_Mix_DPerc20_c_10.dcm,1528.0,552.0,11.313708498984761,421649
test_Mix_DPerc20_c_10.dcm,1513.0,589.0,11.313708498984761,421649
test_Mix_DPerc20_c_10.dcm,1505.0,606.0,11.313708498984761,421649
test_Mix_DPerc20_c_10.dcm,1494.0,634.0,11.313708498984761,421649
test_Mix_DPerc20_c_10.dcm,1709.0,357.0,8.0,421649
test_Mix_DPerc20_c_11.dcm,1722.0,341.0,22.627416997969526,421504
test_Mix_DPerc20_c_11.dcm,1673.0,377.0,22.627416997969526,421504
test_Mix_DPerc20_c_11.dcm,1656.0,400.0,22.627416997969526,421504
test_Mix_DPerc20_c_11.dcm,1633.0,409.0,16.000000000000004,421504
test_Mix_DPerc20_c_11.dcm,1600.0,458.0,16.000000000000004,421504
test_Mix_DPerc20_c_11.dcm,1572.0,497.0,16.000000000000004,421504
test_Mix_DPerc20_c_11.dcm,1551.0,517.0,11.313708498984761,421504
test_Mix_DPerc20_c_11.dcm,1534.0,544.0,11.313708498984761,421504
test_Mix_DPerc20_c_11.dcm,1528.0,556.0,11.313708498984761,421504
test_Mix_DPerc20_c_11.dcm,1513.0,593.0,11.313708498984761,421504
test_Mix_DPerc20_c_11.dcm,1504.0,612.0,11.313708498984761,421504
test_Mix_DPerc20_c_11.dcm,1494.0,638.0,11.313708498984761,421504
test_Mix_DPerc20_c_11.dcm,1752.0,335.0,8.0,421504
test_Mix_DPerc20_c_11.dcm,1709.0,360.0,8.0,421504
test_Mix_DPerc20_c_12.dcm,1730.0,357.0,32.00000000000001,421393
test_Mix_DPerc20_c_12.dcm,1674.0,377.0,22.627416997969526,421393
test_Mix_DPerc20_c_12.dcm,1654.0,406.0,22.627416997969526,421393
test_Mix_DPerc20_c_12.dcm,1603.0,467.0,22.627416997969526,421393
test_Mix_DPerc20_c_12.dcm,1576.0,512.0,22.627416997969526,421393
test_Mix_DPerc20_c_12.dcm,1539.0,555.0,16.000000000000004,421393
test_Mix_DPerc20_c_12.dcm,1529.0,575.0,16.000000000000004,421393
test_Mix_DPerc20_c_12.dcm,1520.0,593.0,16.000000000000004,421393
test_Mix_DPerc20_c_12.dcm,1509.0,617.0,16.000000000000004,421393
test_Mix_DPerc20_c_12.dcm,1571.0,487.0,11.313708498984761,421393
test_Mix_DPerc20_c_12.dcm,1553.0,518.0,11.313708498984761,421393
test_Mix_DPerc20_c_12.dcm,1495.0,641.0,11.313708498984761,421393
test_Mix_DPerc20_c_12.dcm,1542.0,521.0,8.0,421393
test_Mix_DPerc20_c_13.dcm,1733.0,360.0,32.00000000000001,421380
test_Mix_DPerc20_c_13.dcm,1673.0,386.0,22.627416997969526,421380
test_Mix_DPerc20_c_13.dcm,1657.0,408.0,22.627416997969526,421380
test_Mix_DPerc20_c_13.dcm,1602.0,472.0,22.627416997969526,421380
test_Mix_DPerc20_c_13.dcm,1635.0,416.0,16.000000000000004,421380
test_Mix_DPerc20_c_13.dcm,1571.0,507.0,16.000000000000004,421380
test_Mix_DPerc20_c_13.dcm,1529.0,579.0,16.000000000000004,421380
test_Mix_DPerc20_c_13.dcm,1520.0,596.0,16.000000000000004,421380
test_Mix_DPerc20_c_13.dcm,1510.0,620.0,16.000000000000004,421380
test_Mix_DPerc20_c_13.dcm,1571.0,491.0,11.313708498984761,421380
test_Mix_DPerc20_c_13.dcm,1496.0,644.0,11.313708498984761,421380
test_Mix_DPerc20_c_13.dcm,1697.0,354.0,8.0,421380
test_Mix_DPerc20_c_13.dcm,1598.0,438.0,8.0,421380
test_Mix_DPerc20_c_13.dcm,1558.0,497.0,8.0,421380
test_Mix_DPerc20_c_13.dcm,1543.0,523.0,8.0,421380
test_Mix_DPerc20_c_14.dcm,1732.0,366.0,32.00000000000001,421382
test_Mix_DPerc20_c_14.dcm,1659.0,411.0,22.627416997969526,421382
test_Mix_DPerc20_c_14.dcm,1602.0,475.0,22.627416997969526,421382
test_Mix_DPerc20_c_14.dcm,1577.0,519.0,22.627416997969526,421382
test_Mix_DPerc20_c_14.dcm,1680.0,370.0,16.000000000000004,421382
test_Mix_DPerc20_c_14.dcm,1635.0,421.0,16.000000000000004,421382
test_Mix_DPerc20_c_14.dcm,1536.0,571.0,16.000000000000004,421382
test_Mix_DPerc20_c_14.dcm,1522.0,596.0,16.000000000000004,421382
test_Mix_DPerc20_c_14.dcm,1509.0,625.0,16.000000000000004,421382
test_Mix_DPerc20_c_14.dcm,1572.0,495.0,11.313708498984761,421382
test_Mix_DPerc20_c_14.dcm,1496.0,647.0,11.313708498984761,421382
test_Mix_DPerc20_c_14.dcm,1599.0,441.0,8.0,421382
test_Mix_DPerc20_c_14.dcm,1535.0,543.0,8.0,421382
test_Mix_DPerc20_c_2.dcm,1693.0,1699.0,22.627416997969526,421452
test_Mix_DPerc20_c_2.dcm,1643.0,1686.0,22.627416997969526,421452
test_Mix_DPerc20_c_2.dcm,1515.0,1609.0,16.000000000000004,421452
test_Mix_DPerc20_c_2.dcm,1496.0,1586.0,16.000000000000004,421452
test_Mix_DPerc20_c_2.dcm,1741.0,329.0,11.313708498984761,421452
test_Mix_DPerc20_c_2.dcm,1714.0,345.0,11.313708498984761,421452
test_Mix_DPerc20_c_2.dcm,1676.0,368.0,11.313708498984761,421452
test_Mix_DPerc20_c_2.dcm,1657.0,1705.0,11.313708498984761,421452
test_Mix_DPerc20_c_2.dcm,1644.0,398.0,11.313708498984761,421452
test_Mix_DPerc20_c_2.dcm,1612.0,1687.0,11.313708498984761,421452
test_Mix_DPerc20_c_2.dcm,1465.0,1560.0,11.313708498984761,421452
test_Mix_DPerc20_c_2.dcm,1449.0,1540.0,11.313708498984761,421452
test_Mix_DPerc20_c_2.dcm,1423.0,1510.0,11.313708498984761,421452
test_Mix_DPerc20_c_2.dcm,1404.0,1467.0,11.313708498984761,421452
test_Mix_DPerc20_c_2.dcm,1752.0,319.0,8.0,421452
test_Mix_DPerc20_c_2.dcm,1748.0,1708.0,8.0,421452
test_Mix_DPerc20_c_2.dcm,1726.0,1725.0,8.0,421452
test_Mix_DPerc20_c_2.dcm,1608.0,437.0,8.0,421452
test_Mix_DPerc20_c_2.dcm,1597.0,453.0,8.0,421452
test_Mix_DPerc20_c_2.dcm,1569.0,497.0,8.0,421452
test_Mix_DPerc20_c_2.dcm,1523.0,1630.0,8.0,421452
test_Mix_DPerc20_c_2.dcm,1465.0,1573.0,8.0,421452
test_Mix_DPerc20_c_2.dcm,1428.0,1528.0,8.0,421452
test_Mix_DPerc20_c_2.dcm,1413.0,1503.0,8.0,421452
test_Mix_DPerc20_c_3.dcm,1690.0,1702.0,22.627416997969526,421587
test_Mix_DPerc20_c_3.dcm,1644.0,1690.0,22.627416997969526,421587
test_Mix_DPerc20_c_3.dcm,1707.0,1721.0,16.000000000000004,421587
test_Mix_DPerc20_c_3.dcm,1665.0,1706.0,16.000000000000004,421587
test_Mix_DPerc20_c_3.dcm,1516.0,1613.0,16.000000000000004,421587
test_Mix_DPerc20_c_3.dcm,1495.0,1589.0,16.000000000000004,421587
test_Mix_DPerc20_c_3.dcm,1740.0,334.0,11.313708498984761,421587
test_Mix_DPerc20_c_3.dcm,1611.0,1691.0,11.313708498984761,421587
test_Mix_DPerc20_c_3.dcm,1589.0,1678.0,11.313708498984761,421587
test_Mix_DPerc20_c_3.dcm,1465.0,1564.0,11.313708498984761,421587
test_Mix_DPerc20_c_3.dcm,1448.0,1544.0,11.313708498984761,421587
test_Mix_DPerc20_c_3.dcm,1423.0,1514.0,11.313708498984761,421587
test_Mix_DPerc20_c_3.dcm,1404.0,1471.0,11.313708498984761,421587
test_Mix_DPerc20_c_3.dcm,1742.0,1711.0,8.0,421587
test_Mix_DPerc20_c_3.dcm,1732.0,1731.0,8.0,421587
test_Mix_DPerc20_c_3.dcm,1710.0,344.0,8.0,421587
test_Mix_DPerc20_c_3.dcm,1640.0,405.0,8.0,421587
test_Mix_DPerc20_c_3.dcm,1597.0,457.0,8.0,421587
test_Mix_DPerc20_c_3.dcm,1568.0,501.0,8.0,421587
test_Mix_DPerc20_c_3.dcm,1465.0,1577.0,8.0,421587
test_Mix_DPerc20_c_3.dcm,1413.0,1507.0,8.0,421587
test_Mix_DPerc20_c_4.dcm,1735.0,1715.0,22.627416997969526,421774
test_Mix_DPerc20_c_4.dcm,1692.0,1708.0,22.627416997969526,421774
test_Mix_DPerc20_c_4.dcm,1667.0,1711.0,16.000000000000004,421774
test_Mix_DPerc20_c_4.dcm,1651.0,1704.0,16.000000000000004,421774
test_Mix_DPerc20_c_4.dcm,1632.0,1696.0,16.000000000000004,421774
test_Mix_DPerc20_c_4.dcm,1494.0,1593.0,16.000000000000004,421774
test_Mix_DPerc20_c_4.dcm,1740.0,338.0,11.313708498984761,421774
test_Mix_DPerc20_c_4.dcm,1715.0,1729.0,11.313708498984761,421774
test_Mix_DPerc20_c_4.dcm,1610.0,1694.0,11.313708498984761,421774
test_Mix_DPerc20_c_4.dcm,1588.0,1682.0,11.313708498984761,421774
test_Mix_DPerc20_c_4.dcm,1510.0,1621.0,11.313708498984761,421774
test_Mix_DPerc20_c_4.dcm,1465.0,1569.0,11.313708498984761,421774
test_Mix_DPerc20_c_4.dcm,1448.0,1548.0,11.313708498984761,421774
test_Mix_DPerc20_c_4.dcm,1422.0,1517.0,11.313708498984761,421774
test_Mix_DPerc20_c_4.dcm,1414.0,1503.0,11.313708498984761,421774
test_Mix_DPerc20_c_4.dcm,1404.0,1475.0,11.313708498984761,421774
test_Mix_DPerc20_c_4.dcm,1465.0,1581.0,8.0,421774
test_Mix_DPerc20_c_4.dcm,1426.0,1533.0,8.0,421774
test_Mix_DPerc20_c_5.dcm,1726.0,324.0,22.627416997969526,422099
test_Mix_DPerc20_c_5.dcm,1674.0,368.0,22.627416997969526,422099
test_Mix_DPerc20_c_5.dcm,1651.0,378.0,16.000000000000004,422099
test_Mix_DPerc20_c_5.dcm,1636.0,390.0,16.000000000000004,422099
test_Mix_DPerc20_c_5.dcm,1604.0,435.0,16.000000000000004,422099
test_Mix_DPerc20_c_5.dcm,1575.0,481.0,16.000000000000004,422099
test_Mix_DPerc20_c_5.dcm,1745.0,308.0,11.313708498984761,422099
test_Mix_DPerc20_c_5.dcm,1685.0,331.0,11.313708498984761,422099
test_Mix_DPerc20_c_5.dcm,1553.0,500.0,11.313708498984761,422099
test_Mix_DPerc20_c_5.dcm,1529.0,546.0,11.313708498984761,422099
test_Mix_DPerc20_c_5.dcm,1514.0,575.0,11.313708498984761,422099
test_Mix_DPerc20_c_5.dcm,1497.0,615.0,11.313708498984761,422099
test_Mix_DPerc20_c_5.dcm,1600.0,419.0,8.0,422099
test_Mix_DPerc20_c_6.dcm,1727.0,328.0,22.627416997969526,421831
test_Mix_DPerc20_c_6.dcm,1675.0,371.0,22.627416997969526,421831
test_Mix_DPerc20_c_6.dcm,1637.0,393.0,16.000000000000004,421831
test_Mix_DPerc20_c_6.dcm,1604.0,440.0,16.000000000000004,421831
test_Mix_DPerc20_c_6.dcm,1575.0,485.0,16.000000000000004,421831
test_Mix_DPerc20_c_6.dcm,1745.0,312.0,11.313708498984761,421831
test_Mix_DPerc20_c_6.dcm,1685.0,336.0,11.313708498984761,421831
test_Mix_DPerc20_c_6.dcm,1554.0,503.0,11.313708498984761,421831
test_Mix_DPerc20_c_6.dcm,1531.0,547.0,11.313708498984761,421831
test_Mix_DPerc20_c_6.dcm,1516.0,575.0,11.313708498984761,421831
test_Mix_DPerc20_c_6.dcm,1510.0,586.0,11.313708498984761,421831
test_Mix_DPerc20_c_6.dcm,1504.0,602.0,11.313708498984761,421831
test_Mix_DPerc20_c_6.dcm,1498.0,618.0,11.313708498984761,421831
test_Mix_DPerc20_c_6.dcm,1701.0,330.0,8.0,421831
test_Mix_DPerc20_c_6.dcm,1599.0,424.0,8.0,421831
test_Mix_DPerc20_c_7.dcm,1726.0,334.0,22.627416997969526,421625
test_Mix_DPerc20_c_7.dcm,1663.0,384.0,22.627416997969526,421625
test_Mix_DPerc20_c_7.dcm,1679.0,355.0,16.000000000000004,421625
test_Mix_DPerc20_c_7.dcm,1640.0,393.0,16.000000000000004,421625
test_Mix_DPerc20_c_7.dcm,1604.0,445.0,16.000000000000004,421625
test_Mix_DPerc20_c_7.dcm,1575.0,489.0,16.000000000000004,421625
test_Mix_DPerc20_c_7.dcm,1747.0,315.0,11.313708498984761,421625
test_Mix_DPerc20_c_7.dcm,1663.0,361.0,11.313708498984761,421625
test_Mix_DPerc20_c_7.dcm,1554.0,507.0,11.313708498984761,421625
test_Mix_DPerc20_c_7.dcm,1532.0,549.0,11.313708498984761,421625
test_Mix_DPerc20_c_7.dcm,1525.0,562.0,11.313708498984761,421625
test_Mix_DPerc20_c_7.dcm,1517.0,577.0,11.313708498984761,421625
test_Mix_DPerc20_c_7.dcm,1509.0,593.0,11.313708498984761,421625
test_Mix_DPerc20_c_7.dcm,1498.0,623.0,11.313708498984761,421625
test_Mix_DPerc20_c_7.dcm,1702.0,333.0,8.0,421625
test_Mix_DPerc20_c_7.dcm,1599.0,428.0,8.0,421625
test_Mix_DPerc20_c_7.dcm,1555.0,492.0,8.0,421625
test_Mix_DPerc20_c_8.dcm,1726.0,338.0,22.627416997969526,421489
test_Mix_DPerc20_c_8.dcm,1662.0,387.0,22.627416997969526,421489
test_Mix_DPerc20_c_8.dcm,1679.0,358.0,16.000000000000004,421489
test_Mix_DPerc20_c_8.dcm,1640.0,397.0,16.000000000000004,421489
test_Mix_DPerc20_c_8.dcm,1604.0,450.0,16.000000000000004,421489
test_Mix_DPerc20_c_8.dcm,1576.0,493.0,16.000000000000004,421489
test_Mix_DPerc20_c_8.dcm,1748.0,319.0,11.313708498984761,421489
test_Mix_DPerc20_c_8.dcm,1686.0,343.0,11.313708498984761,421489
test_Mix_DPerc20_c_8.dcm,1554.0,511.0,11.313708498984761,421489
test_Mix_DPerc20_c_8.dcm,1532.0,553.0,11.313708498984761,421489
test_Mix_DPerc20_c_8.dcm,1518.0,579.0,11.313708498984761,421489
test_Mix_DPerc20_c_8.dcm,1509.0,597.0,11.313708498984761,421489
test_Mix_DPerc20_c_8.dcm,1498.0,627.0,11.313708498984761,421489
test_Mix_DPerc20_c_8.dcm,1700.0,338.0,8.0,421489
test_Mix_DPerc20_c_8.dcm,1618.0,423.0,8.0,421489
test_Mix_DPerc20_c_8.dcm,1599.0,433.0,8.0,421489
test_Mix_DPerc20_c_8.dcm,1555.0,497.0,8.0,421489
test_Mix_DPerc20_c_9.dcm,1726.0,342.0,22.627416997969526,421378
test_Mix_DPerc20_c_9.dcm,1674.0,384.0,22.627416997969526,421378
test_Mix_DPerc20_c_9.dcm,1679.0,362.0,16.000000000000004,421378
test_Mix_DPerc20_c_9.dcm,1642.0,399.0,16.000000000000004,421378
test_Mix_DPerc20_c_9.dcm,1604.0,454.0,16.000000000000004,421378
test_Mix_DPerc20_c_9.dcm,1576.0,498.0,16.000000000000004,421378
test_Mix_DPerc20_c_9.dcm,1747.0,323.0,11.313708498984761,421378
test_Mix_DPerc20_c_9.dcm,1574.0,482.0,11.313708498984761,421378
test_Mix_DPerc20_c_9.dcm,1555.0,513.0,11.313708498984761,421378
test_Mix_DPerc20_c_9.dcm,1532.0,556.0,11.313708498984761,421378
test_Mix_DPerc20_c_9.dcm,1518.0,582.0,11.313708498984761,421378
test_Mix_DPerc20_c_9.dcm,1507.0,605.0,11.313708498984761,421378
test_Mix_DPerc20_c_9.dcm,1498.0,631.0,11.313708498984761,421378
test_Mix_DPerc20_c_9.dcm,1698.0,342.0,8.0,421378
test_Mix_DPerc20_c_9.dcm,1655.0,370.0,8.0,421378
test_Mix_DPerc20_c_9.dcm,1620.0,427.0,8.0,421378
test_Mix_DPerc20_c_9.dcm,1592.0,442.0,8.0,421378
test_Mix_DPerc20_c_9.dcm,1562.0,487.0,8.0,421378
test_Mix_DPerc20_c_9.dcm,1555.0,501.0,8.0,421378
test_Mix_DPerc35_c_0.dcm,1716.0,1698.0,22.627416997969526,421363
test_Mix_DPerc35_c_0.dcm,1669.0,1687.0,22.627416997969526,421363
test_Mix_DPerc35_c_0.dcm,1640.0,1673.0,22.627416997969526,421363
test_Mix_DPerc35_c_0.dcm,1737.0,330.0,16.000000000000004,421363
test_Mix_DPerc35_c_0.dcm,1597.0,1665.0,16.000000000000004,421363
test_Mix_DPerc35_c_0.dcm,1548.0,1627.0,16.000000000000004,421363
test_Mix_DPerc35_c_0.dcm,1534.0,1616.0,16.000000000000004,421363
test_Mix_DPerc35_c_0.dcm,1714.0,333.0,11.313708498984761,421363
test_Mix_DPerc35_c_0.dcm,1701.0,340.0,11.313708498984761,421363
test_Mix_DPerc35_c_0.dcm,1653.0,385.0,11.313708498984761,421363
test_Mix_DPerc35_c_0.dcm,1582.0,478.0,11.313708498984761,421363
test_Mix_DPerc35_c_0.dcm,1547.0,533.0,11.313708498984761,421363
test_Mix_DPerc35_c_0.dcm,1533.0,562.0,11.313708498984761,421363
test_Mix_DPerc35_c_0.dcm,1526.0,576.0,11.313708498984761,421363
test_Mix_DPerc35_c_0.dcm,1501.0,1596.0,11.313708498984761,421363
test_Mix_DPerc35_c_0.dcm,1480.0,1576.0,11.313708498984761,421363
test_Mix_DPerc35_c_0.dcm,1464.0,1556.0,11.313708498984761,421363
test_Mix_DPerc35_c_0.dcm,1449.0,1538.0,11.313708498984761,421363
test_Mix_DPerc35_c_0.dcm,1431.0,1515.0,11.313708498984761,421363
test_Mix_DPerc35_c_0.dcm,1417.0,1491.0,11.313708498984761,421363
test_Mix_DPerc35_c_0.dcm,1408.0,1472.0,11.313708498984761,421363
test_Mix_DPerc35_c_0.dcm,1401.0,1453.0,11.313708498984761,421363
test_Mix_DPerc35_c_0.dcm,1395.0,1432.0,11.313708498984761,421363
test_Mix_DPerc35_c_0.dcm,1390.0,1405.0,11.313708498984761,421363
test_Mix_DPerc35_c_0.dcm,1695.0,355.0,8.0,421363
test_Mix_DPerc35_c_0.dcm,1580.0,1665.0,8.0,421363
test_Mix_DPerc35_c_0.dcm,1562.0,1653.0,8.0,421363
test_Mix_DPerc35_c_0.dcm,1452.0,1551.0,8.0,421363
test_Mix_DPerc35_c_1.dcm,1717.0,1702.0,22.627416997969526,421360
test_Mix_DPerc35_c_1.dcm,1640.0,1677.0,22.627416997969526,421360
test_Mix_DPerc35_c_1.dcm,1738.0,333.0,16.000000000000004,421360
test_Mix_DPerc35_c_1.dcm,1661.0,1696.0,16.000000000000004,421360
test_Mix_DPerc35_c_1.dcm,1598.0,1670.0,16.000000000000004,421360
test_Mix_DPerc35_c_1.dcm,1548.0,1630.0,16.000000000000004,421360
test_Mix_DPerc35_c_1.dcm,1521.0,1606.0,16.000000000000004,421360
test_Mix_DPerc35_c_1.dcm,1714.0,337.0,11.313708498984761,421360
test_Mix_DPerc35_c_1.dcm,1701.0,344.0,11.313708498984761,421360
test_Mix_DPerc35_c_1.dcm,1547.0,537.0,11.313708498984761,421360
test_Mix_DPerc35_c_1.dcm,1526.0,579.0,11.313708498984761,421360
test_Mix_DPerc35_c_1.dcm,1501.0,1598.0,11.313708498984761,421360
test_Mix_DPerc35_c_1.dcm,1479.0,1579.0,11.313708498984761,421360
test_Mix_DPerc35_c_1.dcm,1473.0,1566.0,11.313708498984761,421360
test_Mix_DPerc35_c_1.dcm,1449.0,1541.0,11.313708498984761,421360
test_Mix_DPerc35_c_1.dcm,1431.0,1518.0,11.313708498984761,421360
test_Mix_DPerc35_c_1.dcm,1417.0,1495.0,11.313708498984761,421360
test_Mix_DPerc35_c_1.dcm,1408.0,1476.0,11.313708498984761,421360
test_Mix_DPerc35_c_1.dcm,1395.0,1437.0,11.313708498984761,421360
test_Mix_DPerc35_c_1.dcm,1679.0,1711.0,8.0,421360
test_Mix_DPerc35_c_1.dcm,1580.0,1669.0,8.0,421360
test_Mix_DPerc35_c_1.dcm,1562.0,1657.0,8.0,421360
test_Mix_DPerc35_c_1.dcm,1385.0,1411.0,8.0,421360
test_Mix_DPerc35_c_10.dcm,1721.0,371.0,32.00000000000001,421442
test_Mix_DPerc35_c_10.dcm,1660.0,408.0,22.627416997969526,421442
test_Mix_DPerc35_c_10.dcm,1610.0,450.0,16.000000000000004,421442
test_Mix_DPerc35_c_10.dcm,1593.0,476.0,16.000000000000004,421442
test_Mix_DPerc35_c_10.dcm,1576.0,509.0,16.000000000000004,421442
test_Mix_DPerc35_c_10.dcm,1557.0,540.0,16.000000000000004,421442
test_Mix_DPerc35_c_10.dcm,1536.0,578.0,16.000000000000004,421442
test_Mix_DPerc35_c_10.dcm,1521.0,606.0,16.000000000000004,421442
test_Mix_DPerc35_c_10.dcm,1750.0,321.0,11.313708498984761,421442
test_Mix_DPerc35_c_10.dcm,1671.0,374.0,11.313708498984761,421442
test_Mix_DPerc35_c_10.dcm,1498.0,636.0,11.313708498984761,421442
test_Mix_DPerc35_c_10.dcm,1707.0,337.0,8.0,421442
test_Mix_DPerc35_c_10.dcm,1620.0,420.0,8.0,421442
test_Mix_DPerc35_c_10.dcm,1545.0,527.0,8.0,421442
test_Mix_DPerc35_c_10.dcm,1513.0,590.0,8.0,421442
test_Mix_DPerc35_c_11.dcm,1736.0,353.0,22.627416997969526,421571
test_Mix_DPerc35_c_11.dcm,1713.0,363.0,22.627416997969526,421571
test_Mix_DPerc35_c_11.dcm,1661.0,411.0,22.627416997969526,421571
test_Mix_DPerc35_c_11.dcm,1621.0,446.0,22.627416997969526,421571
test_Mix_DPerc35_c_11.dcm,1594.0,478.0,16.000000000000004,421571
test_Mix_DPerc35_c_11.dcm,1578.0,509.0,16.000000000000004,421571
test_Mix_DPerc35_c_11.dcm,1557.0,544.0,16.000000000000004,421571
test_Mix_DPerc35_c_11.dcm,1535.0,583.0,16.000000000000004,421571
test_Mix_DPerc35_c_11.dcm,1751.0,325.0,11.313708498984761,421571
test_Mix_DPerc35_c_11.dcm,1671.0,377.0,11.313708498984761,421571
test_Mix_DPerc35_c_11.dcm,1512.0,613.0,11.313708498984761,421571
test_Mix_DPerc35_c_11.dcm,1498.0,641.0,11.313708498984761,421571
test_Mix_DPerc35_c_11.dcm,1694.0,384.0,8.0,421571
test_Mix_DPerc35_c_11.dcm,1621.0,422.0,8.0,421571
test_Mix_DPerc35_c_11.dcm,1487.0,655.0,8.0,421571
test_Mix_DPerc35_c_12.dcm,1734.0,357.0,22.627416997969526,421756
test_Mix_DPerc35_c_12.dcm,1660.0,415.0,22.627416997969526,421756
test_Mix_DPerc35_c_12.dcm,1615.0,455.0,16.000000000000004,421756
test_Mix_DPerc35_c_12.dcm,1595.0,481.0,16.000000000000004,421756
test_Mix_DPerc35_c_12.dcm,1579.0,512.0,16.000000000000004,421756
test_Mix_DPerc35_c_12.dcm,1558.0,548.0,16.000000000000004,421756
test_Mix_DPerc35_c_12.dcm,1534.0,588.0,16.000000000000004,421756
test_Mix_DPerc35_c_12.dcm,1517.0,628.0,16.000000000000004,421756
test_Mix_DPerc35_c_12.dcm,1751.0,329.0,11.313708498984761,421756
test_Mix_DPerc35_c_12.dcm,1671.0,381.0,11.313708498984761,421756
test_Mix_DPerc35_c_12.dcm,1497.0,645.0,11.313708498984761,421756
test_Mix_DPerc35_c_12.dcm,1694.0,389.0,8.0,421756
test_Mix_DPerc35_c_12.dcm,1633.0,1706.0,8.0,421756
test_Mix_DPerc35_c_12.dcm,1573.0,491.0,8.0,421756
test_Mix_DPerc35_c_13.dcm,1657.0,401.0,32.00000000000001,422157
test_Mix_DPerc35_c_13.dcm,1728.0,351.0,22.627416997969526,422157
test_Mix_DPerc35_c_13.dcm,1589.0,472.0,22.627416997969526,422157
test_Mix_DPerc35_c_13.dcm,1549.0,549.0,22.627416997969526,422157
test_Mix_DPerc35_c_13.dcm,1526.0,592.0,22.627416997969526,422157
test_Mix_DPerc35_c_13.dcm,1701.0,361.0,16.000000000000004,422157
test_Mix_DPerc35_c_13.dcm,1606.0,452.0,16.000000000000004,422157
test_Mix_DPerc35_c_13.dcm,1556.0,509.0,16.000000000000004,422157
test_Mix_DPerc35_c_13.dcm,1506.0,611.0,16.000000000000004,422157
test_Mix_DPerc35_c_13.dcm,1491.0,651.0,16.000000000000004,422157
test_Mix_DPerc35_c_13.dcm,1751.0,333.0,11.313708498984761,422157
test_Mix_DPerc35_c_13.dcm,1572.0,491.0,11.313708498984761,422157
test_Mix_DPerc35_c_13.dcm,1473.0,676.0,11.313708498984761,422157
test_Mix_DPerc35_c_13.dcm,1609.0,430.0,8.0,422157
test_Mix_DPerc35_c_14.dcm,1722.0,366.0,32.00000000000001,422157
test_Mix_DPerc35_c_14.dcm,1665.0,400.0,22.627416997969526,422157
test_Mix_DPerc35_c_14.dcm,1640.0,417.0,22.627416997969526,422157
test_Mix_DPerc35_c_14.dcm,1583.0,482.0,22.627416997969526,422157
test_Mix_DPerc35_c_14.dcm,1546.0,552.0,22.627416997969526,422157
test_Mix_DPerc35_c_14.dcm,1524.0,596.0,22.627416997969526,422157
test_Mix_DPerc35_c_14.dcm,1607.0,453.0,16.000000000000004,422157
test_Mix_DPerc35_c_14.dcm,1557.0,511.0,16.000000000000004,422157
test_Mix_DPerc35_c_14.dcm,1504.0,615.0,16.000000000000004,422157
test_Mix_DPerc35_c_14.dcm,1490.0,653.0,16.000000000000004,422157
test_Mix_DPerc35_c_14.dcm,1751.0,336.0,11.313708498984761,422157
test_Mix_DPerc35_c_14.dcm,1473.0,677.0,11.313708498984761,422157
test_Mix_DPerc35_c_14.dcm,1610.0,432.0,8.0,422157
test_Mix_DPerc35_c_2.dcm,1736.0,328.0,22.627416997969526,421881
test_Mix_DPerc35_c_2.dcm,1710.0,337.0,22.627416997969526,421881
test_Mix_DPerc35_c_2.dcm,1663.0,379.0,22.627416997969526,421881
test_Mix_DPerc35_c_2.dcm,1637.0,396.0,16.000000000000004,421881
test_Mix_DPerc35_c_2.dcm,1607.0,435.0,16.000000000000004,421881
test_Mix_DPerc35_c_2.dcm,1595.0,452.0,16.000000000000004,421881
test_Mix_DPerc35_c_2.dcm,1575.0,489.0,16.000000000000004,421881
test_Mix_DPerc35_c_2.dcm,1554.0,512.0,16.000000000000004,421881
test_Mix_DPerc35_c_2.dcm,1541.0,542.0,16.000000000000004,421881
test_Mix_DPerc35_c_2.dcm,1526.0,577.0,16.000000000000004,421881
test_Mix_DPerc35_c_2.dcm,1739.0,303.0,11.313708498984761,421881
test_Mix_DPerc35_c_2.dcm,1502.0,609.0,11.313708498984761,421881
test_Mix_DPerc35_c_2.dcm,1614.0,403.0,8.0,421881
test_Mix_DPerc35_c_2.dcm,1516.0,561.0,8.0,421881
test_Mix_DPerc35_c_2.dcm,1500.0,593.0,8.0,421881
test_Mix_DPerc35_c_3.dcm,1737.0,328.0,22.627416997969526,421881
test_Mix_DPerc35_c_3.dcm,1709.0,338.0,22.627416997969526,421881
test_Mix_DPerc35_c_3.dcm,1662.0,380.0,22.627416997969526,421881
test_Mix_DPerc35_c_3.dcm,1603.0,437.0,16.000000000000004,421881
test_Mix_DPerc35_c_3.dcm,1593.0,454.0,16.000000000000004,421881
test_Mix_DPerc35_c_3.dcm,1573.0,493.0,16.000000000000004,421881
test_Mix_DPerc35_c_3.dcm,1555.0,512.0,16.000000000000004,421881
test_Mix_DPerc35_c_3.dcm,1540.0,545.0,16.000000000000004,421881
test_Mix_DPerc35_c_3.dcm,1523.0,582.0,16.000000000000004,421881
test_Mix_DPerc35_c_3.dcm,1500.0,613.0,11.313708498984761,421881
test_Mix_DPerc35_c_3.dcm,1751.0,293.0,8.0,421881
test_Mix_DPerc35_c_3.dcm,1614.0,405.0,8.0,421881
test_Mix_DPerc35_c_3.dcm,1499.0,597.0,8.0,421881
test_Mix_DPerc35_c_4.dcm,1736.0,331.0,22.627416997969526,421689
test_Mix_DPerc35_c_4.dcm,1709.0,343.0,22.627416997969526,421689
test_Mix_DPerc35_c_4.dcm,1661.0,388.0,22.627416997969526,421689
test_Mix_DPerc35_c_4.dcm,1604.0,439.0,16.000000000000004,421689
test_Mix_DPerc35_c_4.dcm,1594.0,461.0,16.000000000000004,421689
test_Mix_DPerc35_c_4.dcm,1574.0,496.0,16.000000000000004,421689
test_Mix_DPerc35_c_4.dcm,1556.0,515.0,16.000000000000004,421689
test_Mix_DPerc35_c_4.dcm,1539.0,550.0,16.000000000000004,421689
test_Mix_DPerc35_c_4.dcm,1523.0,586.0,16.000000000000004,421689
test_Mix_DPerc35_c_4.dcm,1714.0,319.0,11.313708498984761,421689
test_Mix_DPerc35_c_4.dcm,1500.0,617.0,11.313708498984761,421689
test_Mix_DPerc35_c_4.dcm,1748.0,297.0,8.0,421689
test_Mix_DPerc35_c_4.dcm,1690.0,329.0,8.0,421689
test_Mix_DPerc35_c_4.dcm,1650.0,365.0,8.0,421689
test_Mix_DPerc35_c_4.dcm,1614.0,409.0,8.0,421689
test_Mix_DPerc35_c_4.dcm,1498.0,602.0,8.0,421689
test_Mix_DPerc35_c_5.dcm,1736.0,332.0,22.627416997969526,421689
test_Mix_DPerc35_c_5.dcm,1708.0,344.0,22.627416997969526,421689
test_Mix_DPerc35_c_5.dcm,1659.0,392.0,22.627416997969526,421689
test_Mix_DPerc35_c_5.dcm,1666.0,369.0,16.000000000000004,421689
test_Mix_DPerc35_c_5.dcm,1637.0,403.0,16.000000000000004,421689
test_Mix_DPerc35_c_5.dcm,1603.0,441.0,16.000000000000004,421689
test_Mix_DPerc35_c_5.dcm,1593.0,458.0,16.000000000000004,421689
test_Mix_DPerc35_c_5.dcm,1569.0,499.0,16.000000000000004,421689
test_Mix_DPerc35_c_5.dcm,1555.0,517.0,16.000000000000004,421689
test_Mix_DPerc35_c_5.dcm,1537.0,555.0,16.000000000000004,421689
test_Mix_DPerc35_c_5.dcm,1521.0,589.0,16.000000000000004,421689
test_Mix_DPerc35_c_5.dcm,1567.0,483.0,11.313708498984761,421689
test_Mix_DPerc35_c_5.dcm,1499.0,620.0,11.313708498984761,421689
test_Mix_DPerc35_c_5.dcm,1752.0,302.0,8.0,421689
test_Mix_DPerc35_c_5.dcm,1622.0,395.0,8.0,421689
test_Mix_DPerc35_c_5.dcm,1614.0,410.0,8.0,421689
test_Mix_DPerc35_c_5.dcm,1496.0,606.0,8.0,421689
test_Mix_DPerc35_c_6.dcm,1737.0,335.0,22.627416997969526,421547
test_Mix_DPerc35_c_6.dcm,1711.0,346.0,22.627416997969526,421547
test_Mix_DPerc35_c_6.dcm,1657.0,397.0,22.627416997969526,421547
test_Mix_DPerc35_c_6.dcm,1666.0,373.0,16.000000000000004,421547
test_Mix_DPerc35_c_6.dcm,1603.0,445.0,16.000000000000004,421547
test_Mix_DPerc35_c_6.dcm,1593.0,462.0,16.000000000000004,421547
test_Mix_DPerc35_c_6.dcm,1555.0,522.0,16.000000000000004,421547
test_Mix_DPerc35_c_6.dcm,1537.0,559.0,16.000000000000004,421547
test_Mix_DPerc35_c_6.dcm,1521.0,593.0,16.000000000000004,421547
test_Mix_DPerc35_c_6.dcm,1752.0,306.0,11.313708498984761,421547
test_Mix_DPerc35_c_6.dcm,1567.0,487.0,11.313708498984761,421547
test_Mix_DPerc35_c_6.dcm,1499.0,623.0,11.313708498984761,421547
test_Mix_DPerc35_c_6.dcm,1622.0,399.0,8.0,421547
test_Mix_DPerc35_c_6.dcm,1615.0,411.0,8.0,421547
test_Mix_DPerc35_c_6.dcm,1573.0,501.0,8.0,421547
test_Mix_DPerc35_c_6.dcm,1568.0,508.0,8.0,421547
test_Mix_DPerc35_c_6.dcm,1496.0,611.0,8.0,421547
test_Mix_DPerc35_c_7.dcm,1737.0,336.0,22.627416997969526,421547
test_Mix_DPerc35_c_7.dcm,1712.0,346.0,22.627416997969526,421547
test_Mix_DPerc35_c_7.dcm,1656.0,399.0,22.627416997969526,421547
test_Mix_DPerc35_c_7.dcm,1666.0,373.0,16.000000000000004,421547
test_Mix_DPerc35_c_7.dcm,1603.0,445.0,16.000000000000004,421547
test_Mix_DPerc35_c_7.dcm,1592.0,463.0,16.000000000000004,421547
test_Mix_DPerc35_c_7.dcm,1570.0,501.0,16.000000000000004,421547
test_Mix_DPerc35_c_7.dcm,1553.0,526.0,16.000000000000004,421547
test_Mix_DPerc35_c_7.dcm,1535.0,563.0,16.000000000000004,421547
test_Mix_DPerc35_c_7.dcm,1519.0,598.0,16.000000000000004,421547
test_Mix_DPerc35_c_7.dcm,1498.0,624.0,11.313708498984761,421547
test_Mix_DPerc35_c_7.dcm,1751.0,310.0,8.0,421547
test_Mix_DPerc35_c_7.dcm,1676.0,344.0,8.0,421547
test_Mix_DPerc35_c_7.dcm,1671.0,352.0,8.0,421547
test_Mix_DPerc35_c_7.dcm,1650.0,370.0,8.0,421547
test_Mix_DPerc35_c_7.dcm,1622.0,399.0,8.0,421547
test_Mix_DPerc35_c_8.dcm,1735.0,340.0,22.627416997969526,421431
test_Mix_DPerc35_c_8.dcm,1711.0,350.0,22.627416997969526,421431
test_Mix_DPerc35_c_8.dcm,1657.0,403.0,22.627416997969526,421431
test_Mix_DPerc35_c_8.dcm,1666.0,377.0,16.000000000000004,421431
test_Mix_DPerc35_c_8.dcm,1604.0,447.0,16.000000000000004,421431
test_Mix_DPerc35_c_8.dcm,1592.0,467.0,16.000000000000004,421431
test_Mix_DPerc35_c_8.dcm,1554.0,531.0,16.000000000000004,421431
test_Mix_DPerc35_c_8.dcm,1535.0,568.0,16.000000000000004,421431
test_Mix_DPerc35_c_8.dcm,1519.0,601.0,16.000000000000004,421431
test_Mix_DPerc35_c_8.dcm,1565.0,491.0,11.313708498984761,421431
test_Mix_DPerc35_c_8.dcm,1498.0,627.0,11.313708498984761,421431
test_Mix_DPerc35_c_8.dcm,1751.0,314.0,8.0,421431
test_Mix_DPerc35_c_8.dcm,1676.0,348.0,8.0,421431
test_Mix_DPerc35_c_8.dcm,1622.0,403.0,8.0,421431
test_Mix_DPerc35_c_9.dcm,1715.0,349.0,22.627416997969526,421431
test_Mix_DPerc35_c_9.dcm,1656.0,405.0,22.627416997969526,421431
test_Mix_DPerc35_c_9.dcm,1666.0,377.0,16.000000000000004,421431
test_Mix_DPerc35_c_9.dcm,1591.0,468.0,16.000000000000004,421431
test_Mix_DPerc35_c_9.dcm,1570.0,504.0,16.000000000000004,421431
test_Mix_DPerc35_c_9.dcm,1553.0,533.0,16.000000000000004,421431
test_Mix_DPerc35_c_9.dcm,1533.0,572.0,16.000000000000004,421431
test_Mix_DPerc35_c_9.dcm,1517.0,604.0,16.000000000000004,421431
test_Mix_DPerc35_c_9.dcm,1753.0,322.0,11.313708498984761,421431
test_Mix_DPerc35_c_9.dcm,1674.0,356.0,11.313708498984761,421431
test_Mix_DPerc35_c_9.dcm,1605.0,439.0,11.313708498984761,421431
test_Mix_DPerc35_c_9.dcm,1496.0,631.0,11.313708498984761,421431
test_Mix_DPerc35_c_9.dcm,1617.0,442.0,8.0,421431
test_Mix_DPerc35_c_9.dcm,1608.0,452.0,8.0,421431
test_Mix_DPerc5_c_0.dcm,1698.0,1693.0,22.627416997969526,421399
test_Mix_DPerc5_c_0.dcm,1745.0,1712.0,16.000000000000004,421399
test_Mix_DPerc5_c_0.dcm,1738.0,328.0,16.000000000000004,421399
test_Mix_DPerc5_c_0.dcm,1617.0,1672.0,16.000000000000004,421399
test_Mix_DPerc5_c_0.dcm,1590.0,1660.0,16.000000000000004,421399
test_Mix_DPerc5_c_0.dcm,1561.0,1642.0,16.000000000000004,421399
test_Mix_DPerc5_c_0.dcm,1509.0,1595.0,16.000000000000004,421399
test_Mix_DPerc5_c_0.dcm,1476.0,1563.0,16.000000000000004,421399
test_Mix_DPerc5_c_0.dcm,1464.0,1551.0,16.000000000000004,421399
test_Mix_DPerc5_c_0.dcm,1680.0,362.0,11.313708498984761,421399
test_Mix_DPerc5_c_0.dcm,1575.0,490.0,11.313708498984761,421399
test_Mix_DPerc5_c_0.dcm,1554.0,517.0,11.313708498984761,421399
test_Mix_DPerc5_c_0.dcm,1534.0,1627.0,11.313708498984761,421399
test_Mix_DPerc5_c_0.dcm,1491.0,1591.0,11.313708498984761,421399
test_Mix_DPerc5_c_0.dcm,1444.0,1528.0,11.313708498984761,421399
test_Mix_DPerc5_c_0.dcm,1423.0,1502.0,11.313708498984761,421399
test_Mix_DPerc5_c_0.dcm,1407.0,1473.0,11.313708498984761,421399
test_Mix_DPerc5_c_0.dcm,1398.0,1444.0,11.313708498984761,421399
test_Mix_DPerc5_c_0.dcm,1745.0,313.0,8.0,421399
test_Mix_DPerc5_c_0.dcm,1657.0,1700.0,8.0,421399
test_Mix_DPerc5_c_0.dcm,1602.0,439.0,8.0,421399
test_Mix_DPerc5_c_0.dcm,1550.0,1627.0,8.0,421399
test_Mix_DPerc5_c_0.dcm,1477.0,1579.0,8.0,421399
test_Mix_DPerc5_c_0.dcm,1390.0,1436.0,8.0,421399
test_Mix_DPerc5_c_1.dcm,1698.0,1693.0,22.627416997969526,421399
test_Mix_DPerc5_c_1.dcm,1675.0,1686.0,22.627416997969526,421399
test_Mix_DPerc5_c_1.dcm,1746.0,1713.0,16.000000000000004,421399
test_Mix_DPerc5_c_1.dcm,1738.0,327.0,16.000000000000004,421399
test_Mix_DPerc5_c_1.dcm,1615.0,1670.0,16.000000000000004,421399
test_Mix_DPerc5_c_1.dcm,1584.0,1657.0,16.000000000000004,421399
test_Mix_DPerc5_c_1.dcm,1559.0,1641.0,16.000000000000004,421399
test_Mix_DPerc5_c_1.dcm,1547.0,1628.0,16.000000000000004,421399
test_Mix_DPerc5_c_1.dcm,1706.0,335.0,11.313708498984761,421399
test_Mix_DPerc5_c_1.dcm,1676.0,367.0,11.313708498984761,421399
test_Mix_DPerc5_c_1.dcm,1654.0,387.0,11.313708498984761,421399
test_Mix_DPerc5_c_1.dcm,1650.0,1694.0,11.313708498984761,421399
test_Mix_DPerc5_c_1.dcm,1599.0,448.0,11.313708498984761,421399
test_Mix_DPerc5_c_1.dcm,1597.0,1669.0,11.313708498984761,421399
test_Mix_DPerc5_c_1.dcm,1589.0,459.0,11.313708498984761,421399
test_Mix_DPerc5_c_1.dcm,1573.0,491.0,11.313708498984761,421399
test_Mix_DPerc5_c_1.dcm,1554.0,518.0,11.313708498984761,421399
test_Mix_DPerc5_c_1.dcm,1512.0,1607.0,11.313708498984761,421399
test_Mix_DPerc5_c_1.dcm,1495.0,1596.0,11.313708498984761,421399
test_Mix_DPerc5_c_1.dcm,1461.0,1552.0,11.313708498984761,421399
test_Mix_DPerc5_c_1.dcm,1447.0,1531.0,11.313708498984761,421399
test_Mix_DPerc5_c_1.dcm,1424.0,1503.0,11.313708498984761,421399
test_Mix_DPerc5_c_1.dcm,1412.0,1485.0,11.313708498984761,421399
test_Mix_DPerc5_c_1.dcm,1399.0,1449.0,11.313708498984761,421399
test_Mix_DPerc5_c_1.dcm,1397.0,999.0,11.313708498984761,421399
test_Mix_DPerc5_c_1.dcm,1384.0,1051.0,8.0,421399
test_Mix_DPerc5_c_10.dcm,1734.0,347.0,22.627416997969526,421399
test_Mix_DPerc5_c_10.dcm,1710.0,357.0,22.627416997969526,421399
test_Mix_DPerc5_c_10.dcm,1665.0,389.0,22.627416997969526,421399
test_Mix_DPerc5_c_10.dcm,1604.0,451.0,16.000000000000004,421399
test_Mix_DPerc5_c_10.dcm,1620.0,426.0,11.313708498984761,421399
test_Mix_DPerc5_c_10.dcm,1579.0,483.0,11.313708498984761,421399
test_Mix_DPerc5_c_10.dcm,1562.0,510.0,11.313708498984761,421399
test_Mix_DPerc5_c_10.dcm,1545.0,539.0,11.313708498984761,421399
test_Mix_DPerc5_c_10.dcm,1527.0,572.0,11.313708498984761,421399
test_Mix_DPerc5_c_10.dcm,1521.0,586.0,11.313708498984761,421399
test_Mix_DPerc5_c_10.dcm,1750.0,321.0,8.0,421399
test_Mix_DPerc5_c_10.dcm,1624.0,410.0,8.0,421399
test_Mix_DPerc5_c_11.dcm,1733.0,348.0,22.627416997969526,421399
test_Mix_DPerc5_c_11.dcm,1697.0,365.0,22.627416997969526,421399
test_Mix_DPerc5_c_11.dcm,1660.0,394.0,22.627416997969526,421399
test_Mix_DPerc5_c_11.dcm,1602.0,455.0,16.000000000000004,421399
test_Mix_DPerc5_c_11.dcm,1584.0,487.0,16.000000000000004,421399
test_Mix_DPerc5_c_11.dcm,1707.0,343.0,11.313708498984761,421399
test_Mix_DPerc5_c_11.dcm,1608.0,436.0,11.313708498984761,421399
test_Mix_DPerc5_c_11.dcm,1561.0,512.0,11.313708498984761,421399
test_Mix_DPerc5_c_11.dcm,1542.0,545.0,11.313708498984761,421399
test_Mix_DPerc5_c_11.dcm,1526.0,574.0,11.313708498984761,421399
test_Mix_DPerc5_c_11.dcm,1518.0,591.0,11.313708498984761,421399
test_Mix_DPerc5_c_11.dcm,1507.0,615.0,11.313708498984761,421399
test_Mix_DPerc5_c_11.dcm,1623.0,412.0,8.0,421399
test_Mix_DPerc5_c_11.dcm,1438.0,788.0,8.0,421399
test_Mix_DPerc5_c_12.dcm,1727.0,366.0,32.00000000000001,421482
test_Mix_DPerc5_c_12.dcm,1654.0,397.0,16.000000000000004,421482
test_Mix_DPerc5_c_12.dcm,1620.0,441.0,16.000000000000004,421482
test_Mix_DPerc5_c_12.dcm,1602.0,459.0,16.000000000000004,421482
test_Mix_DPerc5_c_12.dcm,1583.0,492.0,16.000000000000004,421482
test_Mix_DPerc5_c_12.dcm,1547.0,555.0,16.000000000000004,421482
test_Mix_DPerc5_c_12.dcm,1561.0,515.0,11.313708498984761,421482
test_Mix_DPerc5_c_12.dcm,1526.0,578.0,11.313708498984761,421482
test_Mix_DPerc5_c_12.dcm,1518.0,595.0,11.313708498984761,421482
test_Mix_DPerc5_c_12.dcm,1508.0,618.0,11.313708498984761,421482
test_Mix_DPerc5_c_12.dcm,1444.0,787.0,11.313708498984761,421482
test_Mix_DPerc5_c_12.dcm,1624.0,415.0,8.0,421482
test_Mix_DPerc5_c_13.dcm,1730.0,354.0,22.627416997969526,421482
test_Mix_DPerc5_c_13.dcm,1701.0,368.0,22.627416997969526,421482
test_Mix_DPerc5_c_13.dcm,1656.0,402.0,22.627416997969526,421482
test_Mix_DPerc5_c_13.dcm,1600.0,463.0,16.000000000000004,421482
test_Mix_DPerc5_c_13.dcm,1582.0,495.0,16.000000000000004,421482
test_Mix_DPerc5_c_13.dcm,1607.0,442.0,11.313708498984761,421482
test_Mix_DPerc5_c_13.dcm,1560.0,518.0,11.313708498984761,421482
test_Mix_DPerc5_c_13.dcm,1540.0,552.0,11.313708498984761,421482
test_Mix_DPerc5_c_13.dcm,1525.0,580.0,11.313708498984761,421482
test_Mix_DPerc5_c_13.dcm,1516.0,598.0,11.313708498984761,421482
test_Mix_DPerc5_c_13.dcm,1622.0,418.0,8.0,421482
test_Mix_DPerc5_c_14.dcm,1729.0,358.0,22.627416997969526,421599
test_Mix_DPerc5_c_14.dcm,1698.0,374.0,22.627416997969526,421599
test_Mix_DPerc5_c_14.dcm,1662.0,397.0,22.627416997969526,421599
test_Mix_DPerc5_c_14.dcm,1621.0,446.0,16.000000000000004,421599
test_Mix_DPerc5_c_14.dcm,1599.0,468.0,16.000000000000004,421599
test_Mix_DPerc5_c_14.dcm,1580.0,502.0,16.000000000000004,421599
test_Mix_DPerc5_c_14.dcm,1559.0,521.0,11.313708498984761,421599
test_Mix_DPerc5_c_14.dcm,1538.0,558.0,11.313708498984761,421599
test_Mix_DPerc5_c_14.dcm,1525.0,584.0,11.313708498984761,421599
test_Mix_DPerc5_c_14.dcm,1517.0,601.0,11.313708498984761,421599
test_Mix_DPerc5_c_14.dcm,1504.0,628.0,11.313708498984761,421599
test_Mix_DPerc5_c_14.dcm,1623.0,420.0,8.0,421599
test_Mix_DPerc5_c_2.dcm,1706.0,1707.0,22.627416997969526,421599
test_Mix_DPerc5_c_2.dcm,1679.0,1700.0,22.627416997969526,421599
test_Mix_DPerc5_c_2.dcm,1743.0,1723.0,16.000000000000004,421599
test_Mix_DPerc5_c_2.dcm,1631.0,1694.0,16.000000000000004,421599
test_Mix_DPerc5_c_2.dcm,1595.0,1673.0,16.000000000000004,421599
test_Mix_DPerc5_c_2.dcm,1564.0,1654.0,16.000000000000004,421599
test_Mix_DPerc5_c_2.dcm,1544.0,1638.0,16.000000000000004,421599
test_Mix_DPerc5_c_2.dcm,1510.0,1614.0,11.313708498984761,421599
test_Mix_DPerc5_c_2.dcm,1487.0,1595.0,11.313708498984761,421599
test_Mix_DPerc5_c_2.dcm,1456.0,1556.0,11.313708498984761,421599
test_Mix_DPerc5_c_2.dcm,1440.0,1541.0,11.313708498984761,421599
test_Mix_DPerc5_c_2.dcm,1609.0,1694.0,8.0,421599
test_Mix_DPerc5_c_2.dcm,1574.0,1674.0,8.0,421599
test_Mix_DPerc5_c_2.dcm,1470.0,1582.0,8.0,421599
test_Mix_DPerc5_c_3.dcm,1681.0,1705.0,22.627416997969526,421784
test_Mix_DPerc5_c_3.dcm,1743.0,1728.0,16.000000000000004,421784
test_Mix_DPerc5_c_3.dcm,1708.0,1721.0,16.000000000000004,421784
test_Mix_DPerc5_c_3.dcm,1631.0,1699.0,16.000000000000004,421784
test_Mix_DPerc5_c_3.dcm,1595.0,1678.0,16.000000000000004,421784
test_Mix_DPerc5_c_3.dcm,1574.0,1665.0,16.000000000000004,421784
test_Mix_DPerc5_c_3.dcm,1545.0,1642.0,16.000000000000004,421784
test_Mix_DPerc5_c_3.dcm,1488.0,1596.0,16.000000000000004,421784
test_Mix_DPerc5_c_3.dcm,1511.0,1618.0,11.313708498984761,421784
test_Mix_DPerc5_c_3.dcm,1456.0,1559.0,11.313708498984761,421784
test_Mix_DPerc5_c_3.dcm,1442.0,1548.0,11.313708498984761,421784
test_Mix_DPerc5_c_3.dcm,1608.0,1698.0,8.0,421784
test_Mix_DPerc5_c_3.dcm,1470.0,1586.0,8.0,421784
test_Mix_DPerc5_c_4.dcm,1680.0,1704.0,22.627416997969526,421784
test_Mix_DPerc5_c_4.dcm,1744.0,1728.0,16.000000000000004,421784
test_Mix_DPerc5_c_4.dcm,1709.0,1722.0,16.000000000000004,421784
test_Mix_DPerc5_c_4.dcm,1607.0,1683.0,16.000000000000004,421784
test_Mix_DPerc5_c_4.dcm,1573.0,1665.0,16.000000000000004,421784
test_Mix_DPerc5_c_4.dcm,1546.0,1641.0,16.000000000000004,421784
test_Mix_DPerc5_c_4.dcm,1627.0,1702.0,11.313708498984761,421784
test_Mix_DPerc5_c_4.dcm,1512.0,1620.0,11.313708498984761,421784
test_Mix_DPerc5_c_4.dcm,1488.0,1601.0,11.313708498984761,421784
test_Mix_DPerc5_c_4.dcm,1457.0,1562.0,11.313708498984761,421784
test_Mix_DPerc5_c_4.dcm,1658.0,1717.0,8.0,421784
test_Mix_DPerc5_c_4.dcm,1581.0,1682.0,8.0,421784
test_Mix_DPerc5_c_4.dcm,1471.0,1587.0,8.0,421784
test_Mix_DPerc5_c_5.dcm,1734.0,326.0,22.627416997969526,422034
test_Mix_DPerc5_c_5.dcm,1662.0,377.0,22.627416997969526,422034
test_Mix_DPerc5_c_5.dcm,1603.0,430.0,16.000000000000004,422034
test_Mix_DPerc5_c_5.dcm,1582.0,465.0,16.000000000000004,422034
test_Mix_DPerc5_c_5.dcm,1546.0,529.0,16.000000000000004,422034
test_Mix_DPerc5_c_5.dcm,1627.0,394.0,11.313708498984761,422034
test_Mix_DPerc5_c_5.dcm,1562.0,487.0,11.313708498984761,422034
test_Mix_DPerc5_c_5.dcm,1524.0,555.0,11.313708498984761,422034
test_Mix_DPerc5_c_5.dcm,1517.0,568.0,11.313708498984761,422034
test_Mix_DPerc5_c_5.dcm,1505.0,597.0,11.313708498984761,422034
test_Mix_DPerc5_c_5.dcm,1658.0,347.0,8.0,422034
test_Mix_DPerc5_c_5.dcm,1559.0,475.0,8.0,422034
test_Mix_DPerc5_c_6.dcm,1730.0,331.0,22.627416997969526,421773
test_Mix_DPerc5_c_6.dcm,1662.0,379.0,22.627416997969526,421773
test_Mix_DPerc5_c_6.dcm,1603.0,434.0,16.000000000000004,421773
test_Mix_DPerc5_c_6.dcm,1582.0,469.0,16.000000000000004,421773
test_Mix_DPerc5_c_6.dcm,1567.0,496.0,16.000000000000004,421773
test_Mix_DPerc5_c_6.dcm,1546.0,532.0,16.000000000000004,421773
test_Mix_DPerc5_c_6.dcm,1626.0,397.0,11.313708498984761,421773
test_Mix_DPerc5_c_6.dcm,1525.0,557.0,11.313708498984761,421773
test_Mix_DPerc5_c_6.dcm,1517.0,572.0,11.313708498984761,421773
test_Mix_DPerc5_c_6.dcm,1505.0,601.0,11.313708498984761,421773
test_Mix_DPerc5_c_6.dcm,1657.0,352.0,8.0,421773
test_Mix_DPerc5_c_6.dcm,1566.0,473.0,8.0,421773
test_Mix_DPerc5_c_7.dcm,1733.0,334.0,22.627416997969526,421578
test_Mix_DPerc5_c_7.dcm,1710.0,342.0,22.627416997969526,421578
test_Mix_DPerc5_c_7.dcm,1662.0,384.0,22.627416997969526,421578
test_Mix_DPerc5_c_7.dcm,1628.0,403.0,16.000000000000004,421578
test_Mix_DPerc5_c_7.dcm,1603.0,438.0,16.000000000000004,421578
test_Mix_DPerc5_c_7.dcm,1582.0,473.0,16.000000000000004,421578
test_Mix_DPerc5_c_7.dcm,1561.0,497.0,11.313708498984761,421578
test_Mix_DPerc5_c_7.dcm,1545.0,524.0,11.313708498984761,421578
test_Mix_DPerc5_c_7.dcm,1525.0,561.0,11.313708498984761,421578
test_Mix_DPerc5_c_7.dcm,1517.0,576.0,11.313708498984761,421578
test_Mix_DPerc5_c_8.dcm,1730.0,338.0,22.627416997969526,421433
test_Mix_DPerc5_c_8.dcm,1660.0,384.0,22.627416997969526,421433
test_Mix_DPerc5_c_8.dcm,1603.0,443.0,16.000000000000004,421433
test_Mix_DPerc5_c_8.dcm,1583.0,477.0,16.000000000000004,421433
test_Mix_DPerc5_c_8.dcm,1561.0,501.0,11.313708498984761,421433
test_Mix_DPerc5_c_8.dcm,1544.0,530.0,11.313708498984761,421433
test_Mix_DPerc5_c_8.dcm,1525.0,565.0,11.313708498984761,421433
test_Mix_DPerc5_c_8.dcm,1517.0,579.0,11.313708498984761,421433
test_Mix_DPerc5_c_8.dcm,1749.0,313.0,8.0,421433
test_Mix_DPerc5_c_8.dcm,1622.0,403.0,8.0,421433
test_Mix_DPerc5_c_9.dcm,1733.0,341.0,22.627416997969526,421308
test_Mix_DPerc5_c_9.dcm,1710.0,351.0,22.627416997969526,421308
test_Mix_DPerc5_c_9.dcm,1661.0,386.0,22.627416997969526,421308
test_Mix_DPerc5_c_9.dcm,1616.0,435.0,16.000000000000004,421308
test_Mix_DPerc5_c_9.dcm,1603.0,446.0,16.000000000000004,421308
test_Mix_DPerc5_c_9.dcm,1584.0,479.0,16.000000000000004,421308
test_Mix_DPerc5_c_9.dcm,1547.0,543.0,16.000000000000004,421308
test_Mix_DPerc5_c_9.dcm,1561.0,505.0,11.313708498984761,421308
test_Mix_DPerc5_c_9.dcm,1526.0,566.0,11.313708498984761,421308
test_Mix_DPerc5_c_9.dcm,1517.0,583.0,11.313708498984761,421308
test_Mix_DPerc5_c_9.dcm,1505.0,612.0,11.313708498984761,421308
test_Mix_DPerc5_c_9.dcm,1749.0,317.0,8.0,421308
test_Mix_DPerc5_c_9.dcm,1666.0,356.0,8.0,421308
test_Mix_DPerc5_c_9.dcm,1622.0,406.0,8.0,421308
test_Mix_DPerc75_c_0.dcm,1738.0,345.0,22.627416997969526,421299
test_Mix_DPerc75_c_0.dcm,1719.0,1701.0,22.627416997969526,421299
test_Mix_DPerc75_c_0.dcm,1689.0,376.0,22.627416997969526,421299
test_Mix_DPerc75_c_0.dcm,1739.0,1713.0,16.000000000000004,421299
test_Mix_DPerc75_c_0.dcm,1651.0,1690.0,16.000000000000004,421299
test_Mix_DPerc75_c_0.dcm,1645.0,410.0,16.000000000000004,421299
test_Mix_DPerc75_c_0.dcm,1613.0,449.0,16.000000000000004,421299
test_Mix_DPerc75_c_0.dcm,1595.0,471.0,16.000000000000004,421299
test_Mix_DPerc75_c_0.dcm,1492.0,1575.0,16.000000000000004,421299
test_Mix_DPerc75_c_0.dcm,1453.0,1532.0,16.000000000000004,421299
test_Mix_DPerc75_c_0.dcm,1750.0,318.0,11.313708498984761,421299
test_Mix_DPerc75_c_0.dcm,1670.0,1702.0,11.313708498984761,421299
test_Mix_DPerc75_c_0.dcm,1662.0,374.0,11.313708498984761,421299
test_Mix_DPerc75_c_0.dcm,1628.0,416.0,11.313708498984761,421299
test_Mix_DPerc75_c_0.dcm,1626.0,1684.0,11.313708498984761,421299
test_Mix_DPerc75_c_0.dcm,1592.0,1667.0,11.313708498984761,421299
test_Mix_DPerc75_c_0.dcm,1418.0,1495.0,11.313708498984761,421299
test_Mix_DPerc75_c_0.dcm,1667.0,393.0,8.0,421299
test_Mix_DPerc75_c_0.dcm,1597.0,441.0,8.0,421299
test_Mix_DPerc75_c_0.dcm,1579.0,470.0,8.0,421299
test_Mix_DPerc75_c_0.dcm,1566.0,1655.0,8.0,421299
test_Mix_DPerc75_c_0.dcm,1505.0,1607.0,8.0,421299
test_Mix_DPerc75_c_0.dcm,1458.0,1558.0,8.0,421299
test_Mix_DPerc75_c_0.dcm,1429.0,1519.0,8.0,421299
test_Mix_DPerc75_c_1.dcm,1727.0,1707.0,22.627416997969526,421292
test_Mix_DPerc75_c_1.dcm,1728.0,341.0,16.000000000000004,421292
test_Mix_DPerc75_c_1.dcm,1693.0,1707.0,16.000000000000004,421292
test_Mix_DPerc75_c_1.dcm,1690.0,367.0,16.000000000000004,421292
test_Mix_DPerc75_c_1.dcm,1492.0,1578.0,16.000000000000004,421292
test_Mix_DPerc75_c_1.dcm,1453.0,1537.0,16.000000000000004,421292
test_Mix_DPerc75_c_1.dcm,1750.0,323.0,11.313708498984761,421292
test_Mix_DPerc75_c_1.dcm,1671.0,1706.0,11.313708498984761,421292
test_Mix_DPerc75_c_1.dcm,1656.0,385.0,11.313708498984761,421292
test_Mix_DPerc75_c_1.dcm,1643.0,397.0,11.313708498984761,421292
test_Mix_DPerc75_c_1.dcm,1633.0,1691.0,11.313708498984761,421292
test_Mix_DPerc75_c_1.dcm,1627.0,421.0,11.313708498984761,421292
test_Mix_DPerc75_c_1.dcm,1592.0,470.0,11.313708498984761,421292
test_Mix_DPerc75_c_1.dcm,1439.0,1528.0,11.313708498984761,421292
test_Mix_DPerc75_c_1.dcm,1745.0,340.0,8.0,421292
test_Mix_DPerc75_c_1.dcm,1693.0,348.0,8.0,421292
test_Mix_DPerc75_c_1.dcm,1611.0,446.0,8.0,421292
test_Mix_DPerc75_c_1.dcm,1591.0,458.0,8.0,421292
test_Mix_DPerc75_c_1.dcm,1578.0,475.0,8.0,421292
test_Mix_DPerc75_c_1.dcm,1458.0,1562.0,8.0,421292
test_Mix_DPerc75_c_10.dcm,1735.0,367.0,32.00000000000001,421389
test_Mix_DPerc75_c_10.dcm,1684.0,379.0,22.627416997969526,421389
test_Mix_DPerc75_c_10.dcm,1640.0,425.0,16.000000000000004,421389
test_Mix_DPerc75_c_10.dcm,1616.0,450.0,16.000000000000004,421389
test_Mix_DPerc75_c_10.dcm,1588.0,483.0,16.000000000000004,421389
test_Mix_DPerc75_c_10.dcm,1573.0,513.0,16.000000000000004,421389
test_Mix_DPerc75_c_10.dcm,1749.0,327.0,11.313708498984761,421389
test_Mix_DPerc75_c_10.dcm,1575.0,493.0,11.313708498984761,421389
test_Mix_DPerc75_c_10.dcm,1659.0,412.0,8.0,421389
test_Mix_DPerc75_c_10.dcm,1641.0,394.0,8.0,421389
test_Mix_DPerc75_c_11.dcm,1725.0,360.0,22.627416997969526,421520
test_Mix_DPerc75_c_11.dcm,1682.0,384.0,22.627416997969526,421520
test_Mix_DPerc75_c_11.dcm,1641.0,427.0,16.000000000000004,421520
test_Mix_DPerc75_c_11.dcm,1616.0,455.0,16.000000000000004,421520
test_Mix_DPerc75_c_11.dcm,1588.0,487.0,16.000000000000004,421520
test_Mix_DPerc75_c_11.dcm,1573.0,517.0,16.000000000000004,421520
test_Mix_DPerc75_c_11.dcm,1749.0,330.0,11.313708498984761,421520
test_Mix_DPerc75_c_11.dcm,1575.0,497.0,11.313708498984761,421520
test_Mix_DPerc75_c_11.dcm,1750.0,356.0,8.0,421520
test_Mix_DPerc75_c_11.dcm,1641.0,397.0,8.0,421520
test_Mix_DPerc75_c_11.dcm,1593.0,458.0,8.0,421520
test_Mix_DPerc75_c_12.dcm,1725.0,363.0,22.627416997969526,421708
test_Mix_DPerc75_c_12.dcm,1682.0,388.0,22.627416997969526,421708
test_Mix_DPerc75_c_12.dcm,1642.0,429.0,16.000000000000004,421708
test_Mix_DPerc75_c_12.dcm,1616.0,458.0,16.000000000000004,421708
test_Mix_DPerc75_c_12.dcm,1588.0,491.0,16.000000000000004,421708
test_Mix_DPerc75_c_12.dcm,1572.0,522.0,16.000000000000004,421708
test_Mix_DPerc75_c_12.dcm,1750.0,334.0,11.313708498984761,421708
test_Mix_DPerc75_c_12.dcm,1751.0,359.0,8.0,421708
test_Mix_DPerc75_c_12.dcm,1593.0,462.0,8.0,421708
test_Mix_DPerc75_c_12.dcm,1571.0,498.0,8.0,421708
